account_age_days,links,caps_ratio,emoji_count,msg_len,dup_ratio,mentions,posts_last_hour,is_spam
2428,0,0.365,4,13,0.872,0,1,0
26,6,0.474,6,34,0.859,1,14,1
576,0,0.197,5,40,0.855,2,11,0
1409,0,0.142,1,111,0.269,0,0,0
3425,0,0.149,2,68,0.308,0,3,0
80,0,0.044,3,103,0.041,1,0,0
2941,0,0.085,0,41,0.254,0,2,0
192,0,0.328,2,66,0.113,0,1,0
1190,0,0.126,0,211,0.021,1,2,0
2730,0,0.036,0,378,0.183,1,1,0
3254,0,0.059,2,31,0.131,1,2,0
74,2,0.695,4,42,0.612,3,15,1
3071,0,0.204,0,57,0.277,1,2,0
1894,0,0.032,3,21,0.965,0,1,0
2196,1,0.349,2,38,0.695,1,7,1
3478,0,0.48,9,34,0.845,0,3,0
12,2,0.826,3,87,0.848,3,11,1
353,0,0.332,4,36,0.488,0,2,0
180,1,0.068,0,195,0.321,0,2,0
876,0,0.133,3,208,0.356,0,0,0
3454,0,0.153,1,50,0.204,0,2,0
2439,0,0.05,2,82,0.171,0,2,0
903,1,0.105,2,54,0.7,3,18,0
5,2,0.877,1,151,0.696,1,12,1
1975,0,0.194,0,36,0.04,0,1,0
192,0,0.092,2,142,0.207,0,2,0
2255,0,0.051,1,43,0.101,1,0,0
1830,1,0.195,2,13,0.42,0,0,0
1935,0,0.106,0,114,0.175,1,0,0
3020,0,0.115,0,56,0.348,0,0,0
3289,1,0.443,2,30,0.943,1,1,0
684,0,0.013,1,52,0.161,1,1,0
2755,0,0.097,1,30,0.719,1,8,1
62,3,0.826,6,31,0.885,3,16,1
331,0,0.029,4,49,0.91,0,1,0
2335,0,0.021,0,77,0.037,1,1,0
2924,0,0.296,1,23,0.976,1,2,0
1621,0,0.142,1,78,0.027,0,3,0
2179,0,0.168,2,56,0.233,0,1,0
535,0,0.011,2,65,0.237,0,0,0
83,2,0.506,4,242,0.728,0,14,1
1887,0,0.016,3,36,0.141,1,0,0
1451,0,0.004,3,60,0.035,1,12,0
67,2,0.328,5,56,0.747,3,10,1
3069,0,0.092,1,60,0.266,0,1,0
1502,0,0.115,1,69,0.179,1,2,0
692,0,0.034,0,105,0.032,0,1,0
836,0,0.392,1,64,0.5,2,6,1
79,2,0.504,4,52,0.836,3,10,1
3258,0,0.053,1,40,0.023,1,4,0
1219,0,0.178,3,93,0.348,3,9,0
2803,0,0.13,1,78,0.033,0,1,0
1533,1,0.166,2,68,0.04,0,0,0
3466,0,0.211,1,72,0.572,1,8,1
2865,2,0.267,0,115,0.864,5,20,0
1735,0,0.442,0,8,0.13,0,0,0
2326,0,0.196,1,91,0.273,1,2,0
59,2,0.875,2,60,0.635,3,11,1
1600,0,0.18,1,52,0.031,1,0,0
2075,0,0.037,0,39,0.263,0,1,0
374,0,0.102,0,58,0.322,0,2,0
2009,0,0.096,0,116,0.283,1,1,0
13,4,0.571,1,77,0.605,1,15,1
758,0,0.05,3,30,0.897,0,1,0
1806,0,0.199,0,36,0.001,0,1,0
3432,0,0.015,4,32,0.102,1,11,0
40,3,0.58,5,20,0.746,1,11,1
727,0,0.461,3,41,0.078,0,14,0
2668,0,0.065,0,64,0.036,1,1,0
47,3,0.515,3,23,0.685,0,8,1
3066,0,0.319,2,101,0.85,0,6,1
58,2,0.747,8,59,0.883,2,9,1
759,1,0.151,0,46,0.598,1,0,0
2879,0,0.163,5,21,0.061,0,11,0
69,2,0.843,8,26,0.328,3,11,1
3093,0,0.252,0,37,0.152,0,1,0
630,0,0.127,1,65,0.187,0,0,0
441,0,0.088,1,74,0.092,0,0,0
2480,0,0.361,0,55,0.121,1,11,0
2440,0,0.036,0,145,0.36,1,0,0
847,0,0.046,2,17,0.415,0,9,0
3377,0,0.229,5,48,0.102,0,0,0
2684,0,0.157,2,35,0.02,0,1,0
2803,0,0.022,1,57,0.059,2,11,0
58,3,0.425,3,53,0.76,0,13,1
3189,0,0.165,0,250,0.109,0,2,0
1160,1,0.113,1,88,0.099,0,1,0
87,3,0.789,4,48,0.913,4,9,1
34,2,0.741,3,336,0.881,2,12,1
1105,0,0.18,3,30,0.98,1,1,0
2965,1,0.227,2,93,0.5,1,8,1
482,0,0.016,1,164,0.03,0,0,0
3319,1,0.024,0,108,0.253,0,2,0
10,2,0.491,6,25,0.947,2,10,1
12,2,0.613,4,51,0.876,2,15,1
3032,0,0.17,0,197,0.481,0,1,0
3464,0,0.084,0,49,0.281,0,3,0
70,4,0.841,5,41,0.837,1,12,1
2684,0,0.315,2,95,0.171,0,12,0
414,0,0.054,2,35,0.074,1,15,0
1798,1,0.112,0,165,0.241,0,0,0
3434,0,0.144,0,33,0.359,0,0,0
1824,1,0.217,1,32,0.019,0,1,0
3290,0,0.366,0,182,0.105,0,2,0
79,1,0.664,4,49,0.968,3,7,1
2200,0,0.059,0,151,0.265,0,1,0
3243,0,0.154,5,41,0.133,1,12,0
1009,1,0.035,2,113,0.105,0,2,0
85,4,0.722,5,46,0.926,0,13,1
3000,0,0.369,5,71,0.165,1,9,0
1843,0,0.117,2,144,0.094,0,0,0
3004,0,0.198,0,51,0.255,0,0,0
376,0,0.012,2,171,0.078,0,1,0
423,0,0.053,0,59,0.347,0,1,0
1523,0,0.227,0,36,0.155,1,9,0
1125,0,0.49,1,51,0.094,0,11,0
307,0,0.055,0,45,0.212,0,0,0
1694,0,0.093,4,70,0.383,0,13,0
38,4,0.89,6,44,0.588,2,17,1
3376,0,0.245,1,25,0.801,0,0,0
8,4,0.69,2,43,0.852,1,14,1
2565,0,0.058,0,89,0.142,0,1,0
64,2,0.806,1,68,0.761,3,17,1
2205,0,0.221,3,50,0.071,0,1,0
427,0,0.084,2,15,0.235,1,11,0
477,0,0.031,0,48,0.062,1,2,0
1856,0,0.042,1,47,0.155,1,1,0
684,0,0.169,1,26,0.168,1,0,0
2549,0,0.378,4,33,0.117,0,9,0
17,2,0.607,4,111,0.873,0,21,1
2867,0,0.089,1,35,0.057,1,0,0
806,0,0.262,0,84,0.234,0,1,0
852,1,0.2,4,47,0.238,0,13,0
344,0,0.059,2,42,0.119,0,10,0
3248,0,0.262,2,68,0.122,1,2,0
2598,0,0.05,2,10,0.817,0,2,0
1203,0,0.243,2,62,0.746,0,6,1
2830,0,0.064,2,66,0.235,1,11,0
1048,0,0.024,0,62,0.066,2,1,0
3340,0,0.146,3,46,0.177,0,12,0
463,1,0.054,1,50,0.139,0,2,0
2510,0,0.317,3,36,0.369,2,14,0
2733,1,0.146,0,99,0.029,1,0,0
2243,0,0.031,0,70,0.024,0,2,0
69,2,0.795,4,218,0.636,2,11,1
1947,0,0.02,3,92,0.425,0,1,0
1752,0,0.329,0,61,0.194,0,1,0
3037,0,0.101,3,25,0.802,0,9,1
67,2,0.688,2,232,0.724,3,11,1
2580,0,0.665,5,22,0.206,0,15,0
7,3,0.465,4,11,0.794,3,14,1
861,0,0.058,0,82,0.048,0,2,0
2882,1,0.289,1,140,0.7,3,18,0
3465,3,0.577,4,81,0.768,6,15,0
3504,0,0.265,2,58,0.168,0,1,0
363,0,0.129,3,71,0.2,0,0,0
87,2,0.802,7,31,0.781,2,12,1
2998,0,0.133,0,27,0.429,1,10,0
1891,0,0.074,1,97,0.131,1,1,0
1549,1,0.271,6,24,0.135,1,11,0
1633,0,0.603,3,14,0.958,0,3,0
3297,0,0.3,1,77,0.374,0,1,0
1215,0,0.294,0,94,0.03,0,3,0
1447,0,0.2,1,72,0.13,2,12,0
1079,0,0.222,0,40,0.056,0,1,0
882,0,0.108,1,77,0.179,0,1,0
1873,1,0.042,0,61,0.134,0,1,0
74,2,0.769,4,133,0.331,2,10,1
1171,1,0.144,2,32,0.517,0,6,1
2597,0,0.086,1,302,0.094,0,1,0
2267,0,0.095,4,92,0.33,1,11,0
1200,0,0.085,1,29,0.5,1,5,1
3501,0,0.105,0,44,0.85,0,7,1
50,3,0.787,3,114,0.769,1,16,1
155,0,0.019,1,124,0.177,0,0,0
3111,0,0.048,2,93,0.35,0,0,0
2859,1,0.051,1,78,0.203,0,0,0
1670,0,0.12,0,112,0.108,2,0,0
2046,0,0.416,4,60,0.549,0,7,1
380,0,0.285,2,22,0.905,1,2,0
1870,0,0.23,0,40,0.014,0,1,0
2519,0,0.044,1,104,0.189,0,1,0
2690,0,0.149,0,55,0.664,0,8,1
551,0,0.047,2,48,0.27,0,2,0
3038,0,0.02,1,40,0.05,0,2,0
457,0,0.048,1,61,0.29,0,0,0
52,6,0.504,4,56,0.612,0,12,1
15,3,0.716,4,36,0.51,1,12,1
2799,1,0.074,0,161,0.185,0,0,0
271,0,0.419,1,99,0.012,0,12,0
3060,0,0.125,1,62,0.037,0,1,0
1581,0,0.054,7,44,0.346,3,11,0
39,3,0.712,2,24,0.886,4,10,1
3575,2,0.177,0,49,0.722,3,15,0
3122,2,0.269,0,66,0.525,0,9,1
1012,0,0.139,4,82,0.207,2,12,0
2690,0,0.038,0,83,0.242,0,1,0
898,0,0.159,0,52,0.047,0,3,0
2697,0,0.011,0,39,0.053,1,0,0
2943,0,0.123,0,154,0.234,1,1,0
2327,0,0.084,1,62,0.072,1,0,0
1646,0,0.072,0,36,0.85,0,8,1
3381,0,0.012,1,120,0.21,0,1,0
3026,0,0.141,0,114,0.017,0,3,0
1632,1,0.073,0,36,0.153,0,0,0
71,3,0.829,4,35,0.82,1,15,1
2360,0,0.021,4,20,0.648,0,1,0
1343,0,0.424,5,42,0.463,0,9,0
88,4,0.301,10,30,0.923,2,12,1
1927,1,0.059,2,66,0.19,0,12,0
3181,1,0.3,1,16,0.191,2,12,0
3582,1,0.291,0,146,0.962,4,19,0
1451,0,0.095,0,71,0.174,1,2,0
2634,0,0.173,0,36,0.072,0,1,0
1605,0,0.046,2,68,0.529,0,2,0
86,3,0.773,5,55,0.753,3,19,1
2398,2,0.059,2,80,0.868,5,17,0
250,0,0.08,0,29,0.676,0,0,0
1979,0,0.365,1,66,0.828,1,6,1
3530,0,0.092,1,46,0.14,1,0,0
1646,0,0.155,0,65,0.17,0,1,0
3428,1,0.155,2,94,0.098,0,1,0
88,1,0.804,1,30,0.864,2,12,1
1256,0,0.029,1,66,0.099,0,0,0
2449,0,0.134,0,60,0.344,1,0,0
2823,0,0.139,1,63,0.209,1,3,0
1314,0,0.036,3,142,0.422,3,7,0
2382,0,0.186,0,180,0.387,1,2,0
2389,0,0.101,2,302,0.201,0,1,0
1419,0,0.146,1,88,0.063,0,0,0
1904,0,0.251,2,71,0.132,0,4,0
763,0,0.05,0,36,0.09,0,1,0
411,0,0.142,0,26,0.03,0,0,0
74,0,0.027,1,25,0.284,0,1,0
84,2,0.588,3,109,0.668,1,13,1
341,0,0.034,0,124,0.124,0,2,0
46,6,0.481,7,10,0.683,3,10,1
643,0,0.239,0,59,0.262,0,0,0
316,0,0.129,0,137,0.151,0,1,0
85,2,0.981,2,39,0.906,5,11,1
1776,0,0.109,1,101,0.086,0,2,0
100,1,0.203,0,161,0.058,0,0,0
1555,0,0.177,1,43,0.848,0,8,1
3386,1,0.147,1,140,0.829,5,18,0
1705,0,0.079,0,79,0.153,1,1,0
79,2,0.704,4,26,0.703,5,13,1
673,0,0.051,0,42,0.673,1,1,0
79,5,0.632,8,158,0.919,0,10,1
2636,1,0.098,2,211,0.168,1,2,0
2780,0,0.199,0,179,0.128,1,1,0
76,1,0.597,3,49,0.765,3,9,1
3270,0,0.341,3,26,0.751,0,0,0
2281,0,0.048,1,79,0.46,0,0,0
48,3,0.496,5,22,0.897,5,13,1
3048,0,0.123,4,16,0.91,0,2,0
3353,0,0.045,3,13,0.859,0,1,0
2430,0,0.214,6,20,0.799,0,2,0
1853,0,0.22,1,46,0.111,0,1,0
1614,1,0.482,3,31,0.85,0,6,1
28,2,0.827,4,44,0.431,3,11,1
2700,1,0.124,0,34,0.85,1,6,1
847,0,0.381,2,37,0.787,0,10,1
82,0,0.041,0,80,0.219,1,0,0
3044,1,0.091,2,64,0.755,0,7,1
230,0,0.018,0,212,0.541,1,2,0
72,2,0.638,2,40,0.959,1,13,1
524,0,0.096,2,53,0.16,1,3,0
1857,3,0.16,1,86,0.933,3,18,0
1558,0,0.113,6,19,0.9,0,0,0
134,0,0.031,1,54,0.207,0,0,0
2422,0,0.284,7,32,0.847,1,1,0
3552,0,0.044,1,194,0.138,0,2,0
1813,0,0.096,1,89,0.01,0,0,0
2057,0,0.041,0,33,0.029,0,11,0
2302,0,0.056,3,70,0.186,0,15,0
608,0,0.216,4,38,0.816,0,0,0
420,0,0.454,0,56,0.253,0,2,0
1237,0,0.06,0,158,0.129,0,2,0
3577,0,0.049,2,28,0.064,0,2,0
3539,0,0.073,1,93,0.065,0,2,0
3059,0,0.236,2,33,0.2,1,1,0
19,4,0.734,3,43,0.601,4,11,1
342,0,0.013,1,64,0.105,0,1,0
2121,2,0.178,3,72,0.818,4,18,0
1287,0,0.154,1,47,0.122,0,1,0
17,2,0.74,8,25,0.904,3,15,1
3548,0,0.38,0,160,0.05,0,1,0
52,4,0.731,1,85,0.825,6,14,1
251,0,0.09,0,98,0.152,0,0,0
559,0,0.077,2,65,0.126,0,2,0
27,4,0.743,5,41,0.907,0,19,1
1111,1,0.055,2,31,0.195,0,1,0
20,3,0.798,4,85,0.821,5,9,1
1228,2,0.152,0,37,0.138,1,3,0
1318,0,0.151,1,43,0.599,0,6,1
817,0,0.193,2,105,0.182,0,1,0
1372,0,0.008,0,37,0.159,0,2,0
3313,0,0.226,1,109,0.025,0,1,0
3175,0,0.131,2,29,0.232,1,10,0
2913,0,0.338,4,29,0.777,0,0,0
41,2,0.814,5,66,0.725,3,10,1
2,1,0.353,4,70,0.523,1,18,1
2227,1,0.064,0,67,0.85,0,8,1
1445,0,0.219,0,92,0.252,1,0,0
87,3,0.801,2,52,0.821,1,14,1
54,2,0.598,3,53,0.716,0,10,1
1397,1,0.064,1,125,0.782,5,20,0
2596,1,0.061,2,116,0.17,0,1,0
1572,0,0.131,1,55,0.133,1,11,0
2399,0,0.36,0,68,0.039,0,0,0
1060,0,0.129,0,47,0.019,0,1,0
3498,0,0.18,3,16,0.652,0,2,0
77,2,0.423,6,19,0.938,1,13,1
3623,0,0.148,1,85,0.152,1,3,0
1657,0,0.175,0,105,0.281,1,0,0
2336,0,0.053,1,142,0.069,0,1,0
2554,0,0.195,1,83,0.469,0,1,0
1137,0,0.016,0,76,0.203,1,3,0
2563,0,0.029,2,247,0.418,1,4,0
1169,0,0.122,0,29,0.85,3,9,1
3122,0,0.024,1,58,0.345,0,0,0
1389,0,0.198,2,57,0.844,2,11,1
1600,0,0.069,1,61,0.171,0,2,0
2903,0,0.19,0,48,0.831,0,0,0
38,2,0.343,10,83,0.835,2,12,1
3493,0,0.333,4,25,0.888,0,2,0
75,3,0.551,5,10,0.524,5,14,1
430,0,0.026,0,41,0.164,1,1,0
2739,0,0.1,2,53,0.021,1,1,0
2584,0,0.037,3,51,0.469,1,9,0
3271,0,0.377,3,16,0.848,0,1,0
2696,2,0.08,0,68,0.761,6,17,0
2460,0,0.535,2,35,0.879,0,1,0
940,0,0.249,0,74,0.809,0,10,1
2288,0,0.214,2,13,0.897,1,1,0
78,2,0.641,5,27,0.83,3,15,1
2494,0,0.171,1,70,0.1,0,12,0
748,0,0.46,5,83,0.406,1,13,0
27,1,0.753,4,272,0.877,3,18,1
1513,0,0.149,0,58,0.759,2,7,1
2866,2,0.085,2,116,0.865,7,15,0
2803,1,0.043,1,103,0.141,0,0,0
1650,0,0.053,3,45,0.133,2,10,0
1138,0,0.064,1,55,0.256,0,5,0
46,5,0.91,4,34,0.837,1,14,1
1003,0,0.104,0,106,0.297,0,1,0
1719,0,0.112,0,272,0.329,0,2,0
1413,1,0.068,0,183,0.905,6,19,0
46,4,0.799,1,38,0.869,0,17,1
1656,0,0.122,1,103,0.37,0,1,0
669,0,0.157,0,60,0.321,0,0,0
901,3,0.142,3,79,0.828,3,16,0
175,1,0.118,0,49,0.243,1,2,0
828,0,0.227,3,69,0.099,1,13,0
1223,0,0.121,1,60,0.624,2,12,0
855,0,0.128,0,125,0.204,0,0,0
3498,0,0.308,1,108,0.01,0,1,0
41,3,0.848,3,62,0.797,2,11,1
83,2,0.945,9,135,0.956,6,14,1
1208,1,0.226,0,84,0.771,8,14,0
838,0,0.172,0,37,0.266,0,1,0
1099,0,0.181,0,73,0.095,1,3,0
1914,0,0.084,0,59,0.112,0,2,0
3121,0,0.105,0,52,0.43,0,1,0
474,0,0.059,0,45,0.164,0,2,0
3092,0,0.023,0,92,0.104,0,3,0
2483,1,0.138,0,24,0.119,1,1,0
40,2,0.633,4,71,0.731,1,8,1
2342,0,0.309,2,100,0.03,0,12,0
1203,0,0.229,2,57,0.024,0,17,0
921,0,0.033,1,71,0.06,0,1,0
1033,0,0.125,1,147,0.017,0,1,0
4,2,0.792,5,178,0.3,2,14,1
1150,0,0.303,4,58,0.688,1,3,0
326,0,0.481,3,36,0.67,0,2,0
1147,0,0.005,0,87,0.247,0,1,0
1492,0,0.046,2,46,0.105,1,0,0
3197,0,0.04,0,60,0.121,0,4,0
1141,0,0.545,5,22,0.908,0,0,0
1674,0,0.159,2,42,0.787,0,10,1
1612,0,0.137,0,12,0.084,0,12,0
1232,2,0.341,4,148,0.83,7,17,0
2328,0,0.176,0,36,0.138,1,2,0
3630,0,0.1,2,150,0.08,1,1,0
2126,0,0.227,3,291,0.116,0,0,0
2727,0,0.114,2,65,0.186,0,1,0
2436,0,0.154,0,120,0.052,2,1,0
1031,0,0.27,1,83,0.226,0,1,0
2669,0,0.34,1,23,0.774,0,1,0
57,1,0.689,5,84,0.435,2,17,1
1382,1,0.204,3,42,0.059,0,0,0
3016,0,0.126,3,63,0.14,1,15,0
1683,0,0.303,4,46,0.929,0,0,0
2039,0,0.15,0,147,0.109,0,2,0
3506,0,0.092,1,25,0.245,1,1,0
2437,2,0.292,4,101,0.644,0,13,0
27,1,0.872,1,35,0.947,3,16,1
2317,0,0.103,1,92,0.107,0,13,0
14,1,0.612,5,52,0.404,4,11,1
1356,0,0.277,7,65,0.017,0,13,0
3313,0,0.355,1,31,0.717,2,8,1
1719,0,0.448,0,107,0.035,0,0,0
36,1,0.65,5,40,0.308,2,14,1
544,0,0.326,5,47,0.487,1,0,0
85,2,0.756,4,138,0.761,4,12,1
2432,0,0.216,1,70,0.367,0,3,0
18,1,0.905,8,45,0.785,0,14,1
3360,0,0.148,2,10,0.069,0,3,0
2702,1,0.131,1,240,0.267,0,1,0
1519,0,0.155,0,44,0.172,0,0,0
588,0,0.126,1,85,0.038,0,2,0
1766,0,0.026,0,57,0.094,0,2,0
14,2,0.576,4,32,0.875,1,9,1
50,2,0.859,3,26,0.464,2,16,1
1923,0,0.165,4,40,0.721,0,9,1
3015,0,0.083,4,36,0.928,0,1,0
2452,0,0.021,1,58,0.177,0,0,0
2657,0,0.024,2,128,0.152,0,1,0
35,2,0.241,3,162,0.867,1,10,1
2425,1,0.006,2,72,0.077,0,2,0
2296,1,0.058,1,36,0.188,0,1,0
2710,1,0.25,4,19,0.843,0,1,0
2933,0,0.083,1,28,0.203,0,2,0
678,1,0.097,0,216,0.068,0,5,0
81,2,0.76,5,64,0.879,3,12,1
3047,0,0.042,1,44,0.063,0,1,0
997,0,0.171,2,56,0.288,2,15,0
1875,0,0.302,5,23,0.603,1,0,0
1097,1,0.31,0,171,0.064,0,2,0
65,3,0.556,10,22,0.693,2,11,1
3322,1,0.208,2,162,0.99,8,16,0
2908,0,0.389,1,43,0.148,1,2,0
3514,0,0.12,0,27,0.177,1,0,0
823,0,0.033,0,344,0.153,0,0,0
1456,1,0.232,2,16,0.632,0,10,1
13,1,0.479,4,46,0.877,1,14,1
61,1,0.602,5,41,0.482,1,14,1
1706,0,0.211,3,22,0.293,1,4,0
999,1,0.335,1,35,0.795,0,1,0
3281,0,0.188,0,20,0.478,2,12,0
1022,0,0.018,0,174,0.476,0,2,0
59,5,0.394,5,66,0.831,1,13,1
2273,0,0.251,3,44,0.435,1,9,0
2583,0,0.104,3,22,0.5,1,7,1
2140,2,0.092,1,68,0.7,3,18,0
1656,2,0.146,0,88,0.7,6,19,0
845,1,0.586,0,69,0.749,2,9,1
3500,0,0.142,4,28,0.946,1,0,0
1168,0,0.077,2,66,0.375,0,0,0
1163,0,0.177,2,23,0.11,0,1,0
2873,0,0.048,0,44,0.094,0,0,0
19,4,0.925,8,110,0.645,1,9,1
40,6,0.611,7,74,0.975,2,14,1
3047,0,0.355,1,56,0.163,0,0,0
2431,0,0.032,0,109,0.148,0,1,0
935,0,0.481,3,30,0.597,0,0,0
2057,2,0.237,2,107,0.943,3,19,0
3030,1,0.216,1,19,0.85,0,8,1
31,2,0.654,5,42,0.665,0,16,1
3437,4,0.044,1,123,0.942,6,19,0
3614,0,0.197,0,38,0.115,1,1,0
2190,0,0.002,0,57,0.061,0,1,0
1517,1,0.134,3,75,0.767,0,10,1
189,0,0.105,1,50,0.106,1,2,0
747,0,0.02,0,45,0.196,0,2,0
2841,0,0.267,1,80,0.137,0,3,0
1856,0,0.018,4,13,0.712,0,2,0
2260,0,0.225,0,61,0.302,1,0,0
2696,1,0.16,2,111,0.134,0,1,0
883,0,0.08,1,123,0.085,0,0,0
1382,3,0.163,0,84,0.99,3,22,0
6,1,0.879,4,38,0.693,1,14,1
1716,1,0.068,0,217,0.177,0,0,0
1181,0,0.076,2,500,0.018,1,0,0
1102,1,0.017,2,23,0.26,2,17,0
2640,0,0.294,0,57,0.201,0,1,0
3056,0,0.474,0,37,0.768,0,9,1
1260,0,0.495,3,35,0.85,1,8,1
507,0,0.126,2,22,0.247,0,2,0
2846,1,0.075,0,57,0.114,0,2,0
2405,0,0.277,0,23,0.15,0,1,0
515,0,0.119,2,31,0.162,2,2,0
2651,0,0.032,1,53,0.247,0,13,0
3384,1,0.301,0,73,0.033,0,0,0
537,0,0.039,1,63,0.314,1,1,0
2306,0,0.07,3,43,0.035,0,13,0
1811,2,0.17,0,49,0.052,0,1,0
2350,0,0.122,1,66,0.057,0,2,0
26,4,0.59,6,138,0.757,4,11,1
80,5,0.564,8,41,0.775,1,12,1
1652,0,0.092,0,78,0.285,0,1,0
81,2,0.919,3,86,0.879,2,7,1
2699,0,0.02,4,153,0.091,0,1,0
2252,0,0.107,2,151,0.091,1,1,0
18,3,0.788,4,28,0.818,1,11,1
2740,0,0.06,0,21,0.36,0,2,0
1225,0,0.063,2,38,0.561,0,0,0
3499,0,0.017,1,27,0.121,0,1,0
1894,1,0.026,2,57,0.057,0,0,0
73,3,0.278,11,22,0.636,4,14,1
2141,1,0.257,0,116,0.98,2,16,0
3019,0,0.325,0,73,0.186,0,0,0
315,0,0.091,4,29,0.321,2,11,0
536,1,0.035,0,54,0.099,0,1,0
1879,0,0.018,2,25,0.875,0,1,0
1685,0,0.028,2,151,0.13,0,0,0
1551,0,0.014,5,30,0.11,1,13,0
2702,0,0.021,3,39,0.234,0,11,0
2071,0,0.1,2,61,0.823,0,11,1
20,1,0.41,2,144,0.935,1,11,1
2632,0,0.209,5,34,0.783,0,1,0
838,1,0.155,7,112,0.048,1,11,0
53,5,0.789,8,52,0.906,2,10,1
1405,1,0.129,0,23,0.11,1,0,0
2804,0,0.06,5,88,0.265,1,11,0
1031,0,0.121,1,87,0.232,0,1,0
218,0,0.237,1,53,0.044,0,3,0
1666,0,0.491,0,81,0.63,0,11,1
2212,0,0.036,1,82,0.066,0,0,0
1237,0,0.204,1,79,0.022,0,2,0
471,0,0.026,0,29,0.022,0,0,0
1171,0,0.003,1,26,0.268,1,1,0
679,0,0.268,1,46,0.082,0,0,0
872,0,0.053,0,114,0.272,0,2,0
3464,0,0.068,6,45,0.773,0,0,0
3512,0,0.026,0,56,0.134,0,0,0
356,0,0.163,0,62,0.199,0,2,0
2458,0,0.21,2,39,0.191,1,2,0
3512,2,0.192,1,107,0.888,3,16,0
80,2,0.994,2,100,0.947,3,19,1
61,2,0.845,5,10,0.761,3,8,1
500,0,0.104,2,75,0.333,0,4,0
72,1,0.694,3,124,0.645,3,13,1
3516,0,0.189,0,46,0.168,0,1,0
119,0,0.088,0,59,0.014,1,3,0
13,3,0.692,7,50,0.929,2,15,1
1856,0,0.057,0,158,0.061,0,2,0
2954,0,0.087,4,19,0.644,0,1,0
3560,0,0.102,0,66,0.085,1,1,0
14,1,0.666,6,49,0.838,1,15,1
762,0,0.108,0,172,0.382,0,2,0
41,2,0.418,6,130,0.572,2,12,1
3356,0,0.018,1,154,0.338,0,3,0
2768,0,0.108,2,21,0.152,0,1,0
1328,0,0.093,5,40,0.624,0,12,0
2648,0,0.275,0,117,0.236,0,1,0
1832,0,0.076,0,78,0.207,0,1,0
2733,0,0.138,0,177,0.043,0,0,0
2978,0,0.326,3,24,0.834,2,0,0
1124,0,0.405,4,36,0.766,2,9,1
3639,0,0.183,0,70,0.332,0,1,0
404,0,0.115,1,73,0.124,0,2,0
483,0,0.124,1,20,0.53,0,1,0
2977,0,0.106,1,58,0.622,1,13,0
3335,0,0.31,1,40,0.5,1,12,1
33,3,0.582,0,51,0.931,1,13,1
651,2,0.363,1,25,0.845,1,1,0
566,0,0.168,4,160,0.189,0,2,0
1367,2,0.201,0,69,0.7,2,20,0
2459,0,0.393,1,57,0.005,0,2,0
2819,0,0.277,4,27,0.936,0,1,0
846,0,0.155,2,24,0.85,0,1,0
2031,1,0.355,1,67,0.7,3,16,0
3511,0,0.168,0,24,0.084,0,1,0
2298,0,0.085,6,46,0.289,0,10,0
3380,0,0.209,0,79,0.044,0,2,0
2825,0,0.07,1,34,0.084,0,2,0
75,2,0.828,4,153,0.55,2,16,1
1972,0,0.114,1,96,0.077,0,0,0
19,5,0.553,1,22,0.742,1,14,1
1760,0,0.15,1,26,0.195,1,0,0
86,2,0.596,4,79,0.3,1,11,1
1674,0,0.068,0,81,0.215,0,0,0
2566,1,0.095,5,53,0.157,0,18,0
2975,1,0.307,0,19,0.601,1,10,1
59,3,0.79,7,106,0.769,2,14,1
1696,0,0.061,3,100,0.14,1,2,0
541,0,0.399,1,68,0.281,0,10,0
2000,0,0.248,0,28,0.619,1,11,1
76,6,0.778,7,52,0.903,4,11,1
179,0,0.051,1,97,0.061,2,1,0
416,0,0.033,1,38,0.011,1,3,0
2756,0,0.201,2,57,0.364,0,1,0
80,0,0.249,0,158,0.101,0,0,0
2260,1,0.066,0,90,0.814,8,19,0
2357,0,0.079,3,45,0.5,0,5,1
1002,0,0.078,1,73,0.257,0,1,0
567,0,0.16,0,41,0.108,0,1,0
2013,2,0.105,1,71,0.902,3,19,0
2987,0,0.047,0,97,0.142,1,1,0
934,0,0.067,1,102,0.101,0,0,0
445,0,0.257,1,34,0.089,1,10,0
2370,0,0.18,3,38,0.828,1,2,0
1769,2,0.123,2,96,0.88,5,16,0
663,0,0.236,0,74,0.131,1,13,0
2218,1,0.129,4,15,0.85,1,10,1
1536,0,0.115,0,127,0.066,1,0,0
3538,0,0.043,1,117,0.011,0,0,0
527,1,0.264,0,84,0.154,0,1,0
733,0,0.307,0,189,0.015,0,3,0
2909,1,0.133,2,223,0.762,4,18,0
3395,0,0.042,3,10,0.909,1,1,0
1041,0,0.112,3,134,0.635,0,0,0
3525,1,0.477,1,113,0.616,0,8,1
2,3,0.61,4,23,0.671,1,10,1
57,1,0.562,2,86,0.837,1,7,1
1870,0,0.049,0,52,0.173,0,2,0
9,1,0.312,4,32,0.911,3,12,1
3047,0,0.204,1,26,0.588,0,10,1
2674,0,0.11,0,95,0.027,0,2,0
1013,0,0.347,6,88,0.324,1,13,0
3203,1,0.184,3,44,0.119,0,9,0
1300,0,0.055,1,81,0.078,0,1,0
3264,0,0.19,1,99,0.4,1,0,0
2042,0,0.012,1,185,0.05,1,1,0
1913,0,0.049,1,24,0.166,1,12,0
3317,0,0.042,6,84,0.1,1,15,0
924,0,0.027,2,17,0.948,0,0,0
631,0,0.031,0,80,0.189,0,1,0
1921,0,0.12,0,62,0.111,0,4,0
388,0,0.205,1,62,0.067,0,1,0
1060,1,0.325,0,135,0.135,1,4,0
368,0,0.099,1,161,0.349,1,1,0
49,0,0.064,2,88,0.217,0,3,0
2648,0,0.115,1,100,0.248,1,2,0
2529,1,0.196,0,20,0.628,0,7,1
21,1,0.838,6,69,0.972,0,15,1
2699,0,0.135,4,19,0.702,2,0,0
2334,0,0.212,1,24,0.923,0,0,0
2925,0,0.132,0,129,0.406,0,1,0
3216,1,0.076,2,157,0.88,4,22,0
1374,0,0.192,1,51,0.754,1,2,0
3285,1,0.2,1,95,0.7,2,16,0
2998,0,0.065,0,64,0.096,1,1,0
1828,1,0.048,1,129,0.958,3,20,0
1646,0,0.301,1,435,0.054,0,0,0
2050,3,0.242,0,119,0.855,4,18,0
444,0,0.385,5,26,0.694,0,1,0
3244,0,0.028,2,65,0.157,2,3,0
1897,0,0.167,0,36,0.321,0,0,0
10,2,0.819,4,85,0.432,2,13,1
3433,1,0.073,0,24,0.074,0,1,0
2262,0,0.043,0,62,0.078,1,2,0
2625,0,0.047,1,115,0.023,0,1,0
498,0,0.15,0,270,0.167,0,0,0
61,2,0.802,3,38,0.559,3,15,1
2670,2,0.269,2,83,0.7,2,15,0
1618,2,0.052,2,183,0.061,0,2,0
3061,0,0.142,0,143,0.031,0,0,0
231,0,0.279,5,16,0.917,0,2,0
63,4,0.374,4,20,0.923,4,19,1
927,0,0.109,0,37,0.122,2,0,0
0,4,0.53,4,29,0.889,1,20,1
1695,1,0.014,0,25,0.351,0,2,0
374,0,0.243,3,33,0.75,3,1,0
2566,0,0.068,1,36,0.303,0,9,0
3309,1,0.308,0,121,0.7,4,22,0
912,0,0.073,1,84,0.207,0,1,0
884,0,0.092,4,44,0.841,0,11,1
1520,0,0.33,1,156,0.055,0,3,0
975,0,0.157,3,48,0.155,1,9,0
2078,0,0.23,0,145,0.122,0,0,0
2474,2,0.143,2,100,0.942,5,19,0
2181,0,0.096,2,109,0.15,0,3,0
1346,0,0.187,4,51,0.233,2,19,0
3308,1,0.216,2,29,0.107,1,1,0
2402,0,0.456,4,42,0.881,0,0,0
3033,1,0.175,0,103,0.924,6,15,0
1985,0,0.103,0,173,0.055,0,2,0
667,2,0.064,0,42,0.213,0,0,0
2223,1,0.059,0,83,0.039,0,2,0
13,2,0.42,9,145,0.806,1,15,1
14,3,0.329,4,37,0.931,4,13,1
40,3,0.77,6,27,0.891,6,10,1
30,2,0.909,6,43,0.747,3,13,1
116,0,0.044,0,114,0.295,1,1,0
6,1,0.531,7,84,0.77,2,10,1
1323,0,0.165,2,64,0.279,2,9,0
37,2,0.699,12,26,0.658,0,13,1
3553,1,0.143,1,69,0.077,1,0,0
637,0,0.082,1,31,0.03,0,2,0
2076,0,0.023,0,38,0.062,1,1,0
2192,0,0.098,1,50,0.242,1,2,0
3308,0,0.031,0,135,0.098,1,0,0
1796,0,0.441,3,33,0.855,0,0,0
77,1,0.705,0,34,0.931,4,14,1
3544,1,0.18,1,117,0.841,4,19,0
2167,0,0.228,4,31,0.769,0,1,0
288,0,0.295,1,34,0.703,0,0,0
3578,0,0.202,2,48,0.234,0,3,0
4,4,0.576,2,41,0.7,2,20,1
1347,0,0.032,0,55,0.095,0,2,0
274,0,0.161,0,54,0.072,0,2,0
1925,1,0.021,3,15,0.598,0,0,0
3171,0,0.095,1,159,0.147,0,1,0
72,2,0.347,4,85,0.679,0,12,1
2035,0,0.219,0,120,0.453,0,0,0
243,0,0.398,4,26,0.783,1,1,0
728,0,0.102,2,101,0.15,0,2,0
44,2,0.872,2,122,0.724,2,9,1
29,4,0.769,1,49,0.769,3,11,1
1983,1,0.42,0,245,0.909,3,22,0
49,0,0.004,1,57,0.065,1,2,0
231,0,0.05,1,57,0.134,0,0,0
2121,2,0.201,1,84,0.895,3,18,0
1660,0,0.355,1,50,0.204,0,2,0
55,1,0.743,6,76,0.795,3,10,1
348,0,0.031,3,40,0.607,0,2,0
508,0,0.239,1,61,0.158,1,0,0
28,2,0.896,3,110,0.628,3,9,1
3300,0,0.249,1,38,0.85,0,10,1
1219,2,0.21,2,205,0.911,2,18,0
61,3,0.805,5,59,0.526,1,11,1
160,0,0.075,1,43,0.07,0,1,0
2002,0,0.103,1,68,0.038,0,1,0
3297,0,0.566,0,90,0.202,0,4,0
690,0,0.104,1,22,0.157,1,1,0
68,0,0.228,0,73,0.113,0,0,0
3499,0,0.183,1,79,0.232,0,2,0
3119,0,0.027,0,47,0.303,0,1,0
52,1,0.728,5,59,0.549,1,10,1
3,3,0.636,4,132,0.838,5,11,1
1682,0,0.277,4,68,0.034,0,13,0
40,2,0.8,7,46,0.461,0,8,1
1615,0,0.461,0,500,0.218,0,0,0
3013,0,0.139,2,45,0.162,2,10,0
1935,0,0.002,0,37,0.096,0,0,0
3057,0,0.355,0,55,0.14,0,1,0
2502,0,0.001,2,129,0.218,0,0,0
2287,0,0.044,6,22,0.816,0,0,0
1592,0,0.237,4,48,0.251,2,11,0
3519,0,0.048,0,45,0.841,0,1,0
86,2,0.648,8,36,0.816,2,15,1
1123,0,0.026,0,116,0.486,0,3,0
3534,0,0.127,1,39,0.131,0,2,0
2297,2,0.133,1,66,0.919,3,16,0
2296,2,0.147,0,15,0.853,0,1,0
1066,0,0.15,3,191,0.005,1,1,0
996,0,0.323,2,95,0.059,2,1,0
628,1,0.059,2,78,0.02,0,0,0
2345,0,0.203,1,68,0.129,0,0,0
335,1,0.076,0,102,0.122,0,1,0
1501,0,0.155,1,28,0.055,0,4,0
3479,0,0.021,0,173,0.328,0,1,0
3502,0,0.087,2,16,0.314,0,0,0
2281,0,0.077,0,145,0.107,0,1,0
2858,0,0.244,2,104,0.479,1,1,0
2025,0,0.132,0,53,0.668,0,7,1
1706,0,0.463,0,130,0.017,0,0,0
2929,1,0.187,1,57,0.532,1,10,1
48,1,0.539,3,92,0.902,4,15,1
133,0,0.095,2,30,0.772,0,0,0
1903,0,0.141,3,14,0.773,0,2,0
2940,0,0.209,0,106,0.209,0,1,0
1010,0,0.017,3,78,0.112,1,0,0
3077,0,0.209,0,83,0.108,1,14,0
63,1,0.403,8,21,0.897,2,16,1
2484,0,0.256,4,31,0.45,0,1,0
1548,1,0.093,1,55,0.85,3,19,0
3424,0,0.019,1,79,0.238,0,1,0
1070,3,0.073,0,172,0.7,4,15,0
3038,0,0.008,2,70,0.053,0,2,0
1444,0,0.176,1,27,0.693,1,6,1
3041,1,0.142,1,61,0.85,0,8,1
395,0,0.032,3,47,0.067,0,8,0
578,0,0.099,1,95,0.045,0,1,0
57,1,0.31,3,22,0.355,3,12,1
3360,0,0.138,0,43,0.066,0,10,0
1234,1,0.047,3,34,0.194,0,16,0
676,0,0.248,3,35,0.295,2,13,0
893,0,0.008,3,74,0.166,0,1,0
14,2,0.601,3,37,0.818,1,10,1
786,0,0.266,2,63,0.178,0,2,0
2742,0,0.083,5,44,0.303,0,13,0
975,0,0.629,1,24,0.821,0,1,0
2417,0,0.118,0,98,0.027,1,2,0
41,2,0.619,2,59,0.791,3,15,1
2216,0,0.207,1,32,0.45,2,1,0
2316,1,0.09,0,82,0.075,0,0,0
2638,3,0.252,0,154,0.956,3,21,0
2166,0,0.026,0,22,0.171,0,1,0
1230,0,0.099,3,202,0.12,0,2,0
18,6,0.428,4,36,0.909,4,12,1
1371,0,0.166,1,142,0.343,1,0,0
2209,0,0.127,1,37,0.063,1,8,0
1092,0,0.047,0,102,0.06,0,2,0
2863,0,0.062,2,131,0.255,1,0,0
3599,1,0.144,2,88,0.782,1,7,1
85,1,0.601,4,151,0.916,3,11,1
538,0,0.04,0,27,0.26,0,1,0
2473,0,0.049,1,34,0.29,0,0,0
686,1,0.093,2,70,0.185,0,1,0
913,0,0.143,1,71,0.188,1,2,0
1542,0,0.148,2,55,0.85,1,8,1
3571,0,0.326,4,35,0.176,1,13,0
44,5,0.917,1,98,0.762,2,13,1
2790,0,0.085,2,73,0.089,0,0,0
53,1,0.832,7,89,0.845,5,20,1
1003,0,0.356,3,27,0.249,3,15,0
67,2,0.828,4,54,0.64,6,9,1
3122,0,0.121,1,24,0.097,0,1,0
45,2,0.852,7,50,0.83,5,13,1
1531,0,0.152,4,26,0.827,1,1,0
3106,0,0.094,1,28,0.206,0,2,0
3257,0,0.186,2,97,0.414,0,1,0
416,0,0.266,2,72,0.146,1,9,0
2169,0,0.444,0,48,0.249,0,2,0
345,0,0.435,3,46,0.175,0,12,0
2215,0,0.276,0,16,0.972,0,2,0
34,2,0.606,4,46,0.906,2,10,1
3197,0,0.209,1,46,0.304,1,15,0
2946,0,0.141,3,52,0.353,1,11,0
3366,0,0.015,0,35,0.21,0,1,0
3,3,0.709,6,24,0.959,4,18,1
1172,0,0.236,1,65,0.228,1,2,0
1224,2,0.151,2,77,0.792,1,6,1
3203,3,0.305,3,100,0.777,5,18,0
2449,0,0.068,0,73,0.041,0,0,0
3033,0,0.018,1,112,0.208,2,2,0
357,0,0.053,1,17,0.097,0,0,0
458,0,0.186,1,65,0.226,0,1,0
3107,0,0.035,0,21,0.495,0,1,0
414,0,0.12,1,105,0.396,0,1,0
68,2,0.642,5,109,0.649,2,15,1
2101,0,0.412,3,28,0.107,0,10,0
980,0,0.01,0,102,0.306,0,3,0
75,2,0.486,4,27,0.858,3,20,1
3532,0,0.077,0,127,0.084,0,0,0
1486,0,0.025,0,53,0.059,0,2,0
2426,0,0.162,1,62,0.169,1,1,0
1239,0,0.05,2,108,0.092,1,1,0
1,3,0.57,6,286,0.774,2,22,1
47,4,0.873,6,41,0.699,2,10,1
3645,0,0.071,3,56,0.251,1,13,0
3113,0,0.108,3,16,0.831,1,0,0
427,0,0.122,3,29,0.8,0,1,0
447,0,0.061,7,18,0.975,0,4,0
629,0,0.081,0,38,0.136,0,1,0
74,1,0.639,7,154,0.799,1,11,1
625,0,0.065,0,119,0.062,0,3,0
3077,0,0.166,0,65,0.5,2,7,1
362,0,0.075,1,109,0.141,0,2,0
2608,2,0.132,1,83,0.925,3,21,0
975,0,0.187,0,51,0.058,0,0,0
2849,0,0.137,1,32,0.179,0,0,0
1818,0,0.548,0,39,0.277,1,0,0
187,0,0.041,2,55,0.079,0,2,0
2144,0,0.166,0,43,0.416,1,3,0
2809,0,0.087,1,40,0.238,0,1,0
82,2,0.844,4,116,0.431,4,18,1
2391,3,0.28,3,65,0.7,2,23,0
2160,1,0.214,1,223,0.734,5,18,0
227,0,0.297,4,16,0.844,1,1,0
3483,0,0.182,4,30,0.8,1,0,0
57,2,0.502,8,31,0.893,0,19,1
619,0,0.491,5,24,0.538,1,0,0
2839,1,0.044,0,237,0.7,3,25,0
4,3,0.731,4,38,0.892,0,7,1
3408,0,0.218,0,91,0.165,0,0,0
2515,0,0.039,0,41,0.372,1,1,0
42,2,0.652,2,68,0.748,3,14,1
1607,0,0.268,3,22,0.767,0,1,0
2750,0,0.281,5,36,0.85,1,9,1
3646,0,0.028,0,63,0.437,0,0,0
735,0,0.078,4,21,0.786,0,1,0
2097,0,0.325,0,138,0.153,0,1,0
74,1,0.536,5,136,0.597,0,11,1
2875,0,0.23,0,80,0.115,1,0,0
1599,0,0.104,1,129,0.127,1,2,0
2196,0,0.154,0,147,0.099,0,1,0
2379,0,0.085,1,97,0.163,0,2,0
51,1,0.878,3,51,0.851,1,14,1
1822,0,0.067,0,148,0.145,0,0,0
2493,1,0.084,1,84,0.85,0,8,1
1048,0,0.335,0,60,0.079,0,2,0
2982,0,0.06,3,92,0.5,1,10,1
41,2,0.787,8,53,0.537,2,14,1
3627,0,0.043,1,29,0.729,1,13,0
3060,1,0.045,3,33,0.98,2,1,0
66,3,0.966,5,113,0.781,2,11,1
3076,0,0.032,1,105,0.064,0,6,0
1711,1,0.264,3,72,0.85,2,5,1
2525,0,0.373,1,47,0.108,2,1,0
3454,0,0.071,0,97,0.025,0,2,0
1153,0,0.235,1,112,0.225,1,0,0
84,1,0.855,5,62,0.962,2,8,1
413,0,0.019,0,123,0.034,0,3,0
371,0,0.306,1,54,0.02,0,0,0
1943,0,0.147,2,39,0.586,1,9,0
38,1,0.814,6,10,0.723,0,13,1
3356,0,0.136,0,191,0.241,0,1,0
8,2,0.587,3,21,0.964,5,11,1
108,0,0.122,1,90,0.126,0,2,0
58,0,0.136,2,85,0.157,1,1,0
1417,0,0.283,2,35,0.642,0,12,1
75,2,0.509,8,70,0.687,7,11,1
441,0,0.105,1,116,0.028,0,0,0
3038,1,0.273,1,56,0.797,5,16,0
82,6,0.879,6,71,0.921,2,8,1
1569,1,0.272,3,74,0.204,3,10,0
475,0,0.219,2,33,0.051,1,11,0
78,2,0.779,8,68,0.694,4,14,1
2089,2,0.056,0,91,0.934,3,18,0
2795,0,0.297,0,146,0.167,1,0,0
3529,0,0.156,1,40,0.805,0,3,0
2138,1,0.084,2,55,0.911,3,25,0
1478,0,0.08,7,24,0.786,0,0,0
1328,0,0.217,2,12,0.98,0,1,0
27,1,0.353,2,24,0.744,3,11,1
2508,0,0.153,5,15,0.45,1,0,0
753,0,0.02,1,66,0.207,0,3,0
1759,0,0.002,0,43,0.415,0,0,0
157,0,0.114,1,78,0.319,0,2,0
65,2,0.365,5,34,0.77,1,10,1
3458,0,0.376,0,101,0.269,1,16,0
2033,0,0.053,0,116,0.113,1,0,0
1783,0,0.092,5,28,0.833,1,2,0
2582,0,0.189,0,71,0.119,2,0,0
1270,0,0.159,0,57,0.373,1,1,0
1958,0,0.166,1,85,0.304,0,1,0
3206,0,0.014,1,49,0.573,0,6,1
1275,0,0.537,1,40,0.086,0,13,0
2414,0,0.43,4,50,0.054,0,9,0
6,3,0.79,5,30,0.746,2,22,1
1862,0,0.213,0,100,0.151,0,2,0
1140,0,0.269,2,44,0.841,1,0,0
1179,1,0.419,2,98,0.7,3,17,0
284,0,0.341,0,29,0.395,1,2,0
2375,0,0.164,3,16,0.898,0,0,0
68,2,0.745,2,82,0.9,2,14,1
3326,0,0.191,0,55,0.228,0,2,0
586,0,0.474,1,93,0.038,0,1,0
2260,0,0.003,1,53,0.098,0,2,0
2981,1,0.084,1,135,0.603,1,9,1
2844,0,0.153,0,157,0.293,1,0,0
1036,0,0.103,1,34,0.16,0,1,0
1092,0,0.143,1,38,0.388,0,11,0
1584,0,0.138,3,51,0.59,1,9,1
3461,0,0.017,0,37,0.351,0,1,0
1444,0,0.179,6,29,0.915,0,0,0
1701,0,0.166,0,75,0.472,0,4,0
829,1,0.224,1,65,0.839,0,9,1
316,1,0.027,3,79,0.286,1,9,0
3168,0,0.242,0,53,0.564,1,7,1
1866,0,0.113,2,55,0.119,0,12,0
78,2,0.856,5,26,0.929,2,8,1
1542,0,0.263,1,63,0.174,4,2,0
1110,0,0.358,5,25,0.886,1,2,0
508,0,0.417,0,27,0.141,1,0,0
2878,0,0.033,0,29,0.167,1,0,0
1951,0,0.094,0,82,0.143,0,0,0
3465,0,0.165,1,59,0.123,0,2,0
3372,0,0.153,0,94,0.064,1,0,0
630,0,0.163,1,22,0.069,1,2,0
17,1,0.748,6,49,0.853,4,14,1
1130,0,0.204,1,30,0.838,1,2,0
614,0,0.151,4,48,0.238,0,12,0
1573,0,0.277,3,21,0.928,0,1,0
51,1,0.522,4,32,0.82,6,14,1
78,4,0.345,2,33,0.755,4,12,1
1152,0,0.017,1,83,0.031,0,3,0
52,3,0.484,3,36,0.812,6,16,1
1618,0,0.017,0,245,0.482,0,0,0
1514,0,0.185,2,170,0.07,1,2,0
85,2,0.826,4,55,0.725,0,20,1
3078,0,0.136,1,78,0.098,0,2,0
89,2,0.346,3,43,0.616,3,13,1
72,6,0.892,4,23,0.936,4,11,1
2188,0,0.199,2,38,0.797,2,1,0
2674,2,0.149,1,105,0.786,5,16,0
230,0,0.341,2,20,0.924,0,0,0
1382,0,0.143,1,125,0.069,0,2,0
2985,0,0.514,1,50,0.161,0,2,0
53,3,0.851,2,114,0.822,0,14,1
3637,0,0.267,1,46,0.011,0,0,0
487,0,0.105,2,69,0.07,1,1,0
886,0,0.17,2,29,0.859,0,0,0
9,2,0.845,8,40,0.936,3,17,1
3494,0,0.128,4,36,0.767,1,2,0
2514,0,0.199,1,44,0.655,2,6,1
1183,0,0.119,0,50,0.315,0,1,0
601,1,0.074,2,43,0.285,2,1,0
2847,0,0.185,1,130,0.174,0,1,0
1689,0,0.057,0,29,0.04,0,1,0
2512,0,0.134,1,130,0.271,1,2,0
1757,1,0.296,2,65,0.655,0,10,1
1115,1,0.094,0,76,0.297,0,1,0
3363,0,0.038,1,95,0.025,1,3,0
1850,0,0.127,2,103,0.135,1,1,0
1594,2,0.047,1,60,0.037,0,1,0
2705,0,0.055,1,62,0.14,0,0,0
374,0,0.117,4,74,0.052,0,0,0
1577,2,0.012,2,191,0.792,3,23,0
1679,0,0.043,2,154,0.097,1,0,0
44,1,0.64,5,57,0.407,0,12,1
3364,1,0.071,3,95,0.971,4,14,0
1721,0,0.282,1,61,0.284,0,0,0
2460,0,0.086,0,70,0.5,0,12,1
50,3,0.855,5,172,0.913,2,11,1
83,0,0.107,0,29,0.125,0,3,0
23,4,0.834,3,67,0.957,1,10,1
85,2,0.717,5,30,0.648,2,15,1
6,2,0.549,3,53,0.813,4,15,1
2781,1,0.049,1,42,0.85,0,8,1
3363,0,0.011,2,19,0.727,0,1,0
27,3,0.797,1,64,0.87,2,16,1
2885,0,0.328,5,63,0.089,0,8,0
2816,0,0.348,1,151,0.137,1,14,0
3145,0,0.119,0,143,0.298,1,2,0
1469,0,0.08,1,60,0.46,0,2,0
1153,0,0.03,0,52,0.045,0,2,0
2654,2,0.01,2,114,0.229,0,0,0
21,2,0.82,7,26,0.51,7,11,1
852,2,0.087,0,60,0.008,0,0,0
3531,0,0.401,2,28,0.771,0,12,1
2513,1,0.103,1,32,0.415,0,2,0
1,3,0.759,4,66,0.823,3,14,1
53,1,0.561,1,52,0.388,0,9,1
1003,0,0.226,0,47,0.666,0,8,1
1240,0,0.326,0,82,0.238,0,3,0
3374,1,0.14,0,94,0.928,4,17,0
2046,0,0.115,1,178,0.405,0,1,0
1696,0,0.462,5,31,0.774,0,0,0
3309,1,0.199,1,43,0.73,0,10,1
533,1,0.041,4,31,0.139,1,2,0
2083,1,0.213,2,125,0.091,0,1,0
3274,0,0.031,0,147,0.416,0,2,0
1508,0,0.267,0,109,0.013,0,0,0
85,2,0.799,6,107,0.798,5,14,1
15,3,0.922,8,93,0.987,2,18,1
48,1,0.733,5,71,0.783,0,14,1
590,0,0.128,1,54,0.219,0,9,0
504,0,0.033,0,55,0.08,1,0,0
827,0,0.214,1,34,0.078,0,12,0
3282,1,0.031,1,19,0.214,0,0,0
2400,0,0.191,5,80,0.767,1,12,1
2228,0,0.34,1,33,0.316,0,1,0
3610,0,0.189,1,110,0.007,0,0,0
1365,0,0.215,1,74,0.726,0,8,1
1648,0,0.137,0,172,0.191,0,2,0
49,0,0.206,1,68,0.1,2,2,0
3320,2,0.161,0,87,0.876,2,17,0
2818,0,0.137,1,40,0.052,0,2,0
2334,2,0.066,0,117,0.728,3,14,0
72,2,0.475,5,20,0.94,3,16,1
3341,1,0.014,0,55,0.902,5,19,0
84,3,0.621,4,56,0.812,1,7,1
3015,0,0.04,3,76,0.228,0,0,0
1133,1,0.082,0,101,0.034,1,5,0
1526,0,0.289,2,43,0.709,1,7,1
436,0,0.066,2,61,0.105,0,12,0
3517,0,0.293,1,28,0.212,0,12,0
95,0,0.04,1,54,0.238,0,2,0
2854,0,0.11,1,93,0.461,1,0,0
1983,1,0.005,1,73,0.037,0,2,0
16,3,0.796,4,41,0.923,2,11,1
650,0,0.032,0,197,0.221,0,1,0
897,0,0.206,0,46,0.159,0,1,0
449,0,0.151,3,56,0.059,0,1,0
1244,0,0.058,0,251,0.102,0,0,0
2907,0,0.005,0,65,0.123,0,1,0
1192,1,0.078,1,59,0.143,1,0,0
2494,0,0.117,3,54,0.375,0,1,0
374,0,0.063,0,109,0.155,0,0,0
57,3,0.446,4,49,0.726,3,12,1
43,2,0.745,5,83,0.996,1,16,1
710,0,0.418,1,79,0.044,1,11,0
1348,0,0.335,0,81,0.485,0,2,0
3561,0,0.005,0,75,0.044,0,2,0
1492,0,0.059,0,54,0.267,1,0,0
270,0,0.015,0,39,0.188,0,1,0
1956,0,0.04,1,47,0.143,0,2,0
2726,0,0.101,2,39,0.179,1,0,0
551,0,0.225,3,26,0.613,1,2,0
3,2,0.798,4,29,0.735,2,9,1
61,3,0.371,5,62,0.824,2,12,1
355,0,0.057,1,15,0.277,1,0,0
1357,0,0.105,1,59,0.424,1,1,0
30,3,0.753,3,109,0.645,2,11,1
1535,0,0.227,2,74,0.236,0,0,0
1564,1,0.212,2,70,0.037,0,0,0
94,0,0.065,2,33,0.13,0,1,0
510,0,0.258,4,23,0.928,0,1,0
22,2,0.711,4,38,0.513,3,15,1
999,3,0.029,1,181,0.85,5,16,0
1454,0,0.041,0,65,0.08,0,2,0
3208,0,0.21,5,12,0.896,0,1,0
2241,0,0.113,0,43,0.178,0,3,0
2,2,0.695,7,69,0.734,2,11,1
22,3,0.673,5,78,0.788,3,14,1
87,6,0.539,7,60,0.84,3,11,1
2991,0,0.065,3,31,0.328,0,13,0
2391,1,0.013,3,117,0.07,0,2,0
3005,0,0.005,0,78,0.404,0,1,0
1795,1,0.028,2,156,0.983,4,17,0
785,0,0.056,4,43,0.475,0,13,0
3425,0,0.126,4,43,0.183,1,10,0
71,4,0.345,7,49,0.783,1,17,1
2956,0,0.026,1,26,0.016,0,0,0
3263,0,0.063,1,43,0.036,0,0,0
1271,1,0.243,2,106,0.253,0,10,0
2012,0,0.073,0,53,0.458,1,12,0
2310,0,0.284,0,82,0.121,0,0,0
471,0,0.01,0,41,0.013,0,0,0
1403,0,0.007,1,72,0.311,0,1,0
3516,0,0.166,0,26,0.285,2,3,0
474,0,0.186,1,66,0.136,0,1,0
2851,0,0.105,1,82,0.151,1,1,0
1196,2,0.001,3,92,0.959,5,24,0
2868,1,0.085,1,100,0.137,1,0,0
1379,0,0.35,1,33,0.705,1,11,1
2899,0,0.003,4,18,0.303,2,12,0
3551,0,0.229,2,53,0.052,1,11,0
1539,0,0.16,0,64,0.069,0,0,0
474,0,0.282,2,28,0.787,0,2,0
3337,0,0.183,1,43,0.198,0,2,0
1751,0,0.126,0,58,0.388,0,2,0
3551,0,0.272,3,30,0.88,1,3,0
3298,0,0.224,1,84,0.183,0,2,0
180,0,0.242,1,33,0.351,0,0,0
2908,0,0.194,0,66,0.041,1,1,0
2900,1,0.233,2,61,0.7,6,20,0
2448,0,0.266,3,18,0.968,0,0,0
997,0,0.425,1,32,0.144,2,10,0
1517,0,0.144,0,68,0.088,1,1,0
217,0,0.249,0,46,0.178,0,10,0
2002,0,0.583,2,20,0.647,1,1,0
2791,0,0.012,0,82,0.119,0,1,0
2415,1,0.278,2,138,0.963,4,22,0
270,0,0.105,0,83,0.132,0,0,0
2300,1,0.073,1,67,0.078,0,1,0
341,0,0.018,0,75,0.136,0,1,0
2955,0,0.084,0,111,0.12,0,1,0
1284,0,0.318,3,34,0.673,1,0,0
2429,1,0.347,0,36,0.106,0,0,0
3543,1,0.036,0,88,0.154,0,1,0
3504,0,0.061,1,71,0.076,0,1,0
2824,0,0.1,2,37,0.02,1,2,0
1101,0,0.107,2,17,0.73,0,0,0
33,3,0.812,4,68,0.876,3,12,1
985,1,0.095,0,40,0.094,1,14,0
1729,0,0.188,0,184,0.255,1,4,0
2586,0,0.009,1,66,0.149,1,0,0
2665,0,0.384,4,23,0.504,1,1,0
2430,1,0.28,0,38,0.85,0,9,1
2392,1,0.113,2,105,0.216,0,2,0
2079,1,0.235,2,43,0.742,0,12,1
12,1,0.75,2,52,0.944,0,13,1
82,4,0.569,3,51,0.473,2,18,1
2001,0,0.038,4,101,0.085,0,1,0
2571,0,0.259,1,62,0.014,0,1,0
3130,0,0.032,2,112,0.108,0,2,0
2221,1,0.285,2,72,0.85,0,7,1
1472,1,0.201,2,83,0.85,0,11,1
37,2,0.816,10,25,0.654,3,9,1
525,1,0.232,3,17,0.801,0,1,0
662,0,0.014,1,167,0.083,0,0,0
2168,0,0.035,1,28,0.527,0,13,0
3437,0,0.02,4,33,0.247,0,11,0
2884,0,0.178,0,18,0.843,0,1,0
33,2,0.525,3,15,0.941,2,14,1
1259,0,0.466,4,15,0.66,0,1,0
1900,2,0.082,0,31,0.567,1,8,1
2500,1,0.029,1,44,0.11,1,1,0
3238,0,0.169,0,53,0.194,0,1,0
2055,0,0.565,3,53,0.713,1,1,0
2463,0,0.037,0,200,0.157,1,3,0
20,4,0.772,3,109,0.697,2,17,1
38,1,0.869,5,112,0.67,3,8,1
259,0,0.037,6,31,0.31,1,12,0
2213,0,0.029,1,19,0.093,1,1,0
2346,1,0.037,1,136,0.839,7,20,0
2008,0,0.523,3,17,0.051,0,11,0
2796,0,0.124,3,32,0.19,2,3,0
2605,1,0.061,1,128,0.078,0,1,0
18,1,0.749,2,178,0.604,2,14,1
1104,0,0.099,2,45,0.287,0,0,0
1416,2,0.081,0,110,0.864,3,14,0
2960,1,0.247,5,14,0.87,2,1,0
2004,0,0.031,1,73,0.253,1,3,0
3558,1,0.297,2,101,0.767,2,18,0
65,3,0.863,6,31,0.765,3,12,1
2172,0,0.21,1,183,0.373,0,2,0
3309,1,0.31,0,81,0.5,0,7,1
20,2,0.634,3,42,0.709,2,17,1
329,0,0.085,1,30,0.156,0,0,0
68,2,0.928,8,30,0.661,2,13,1
2878,0,0.267,1,62,0.32,0,2,0
1403,0,0.101,3,40,0.156,1,14,0
1836,0,0.012,0,19,0.04,1,1,0
578,1,0.047,2,154,0.354,0,0,0
611,0,0.06,2,24,0.135,0,1,0
58,5,0.648,7,74,0.743,2,11,1
1539,0,0.139,1,10,0.534,0,0,0
2642,0,0.057,0,171,0.098,0,2,0
2772,0,0.071,3,95,0.04,0,0,0
3497,1,0.254,0,30,0.198,0,11,0
3073,0,0.252,1,32,0.17,0,3,0
1402,0,0.064,1,38,0.818,1,0,0
1379,0,0.173,5,35,0.222,1,15,0
1352,0,0.189,0,16,0.966,0,1,0
69,2,0.499,3,34,0.735,3,14,1
2073,0,0.101,2,22,0.121,0,2,0
2076,0,0.089,2,97,0.133,1,2,0
55,2,0.376,5,64,0.975,1,11,1
1347,0,0.086,1,42,0.465,1,12,0
2199,0,0.076,1,53,0.179,1,2,0
485,0,0.152,3,64,0.064,2,13,0
2819,0,0.219,1,57,0.159,0,2,0
1190,0,0.103,6,13,0.173,1,12,0
1579,0,0.148,1,52,0.37,0,1,0
1219,0,0.082,0,76,0.235,0,2,0
2673,0,0.092,1,53,0.256,0,0,0
1791,1,0.098,2,104,0.7,5,21,0
998,1,0.15,3,55,0.85,0,10,1
372,1,0.025,0,118,0.439,0,2,0
1010,0,0.14,1,44,0.133,0,0,0
2994,0,0.116,3,18,0.484,0,2,0
3208,0,0.056,1,60,0.35,0,1,0
22,3,0.671,2,18,0.869,4,15,1
2411,0,0.045,1,42,0.103,0,0,0
2628,0,0.073,1,71,0.37,1,0,0
57,3,0.805,5,52,0.726,1,13,1
1961,0,0.086,2,40,0.349,3,13,0
2092,0,0.241,3,12,0.891,0,1,0
669,0,0.029,1,97,0.268,0,1,0
14,3,0.936,6,55,0.871,1,19,1
237,0,0.024,2,94,0.192,1,2,0
2931,0,0.106,0,39,0.196,0,0,0
16,1,0.567,2,44,0.884,3,9,1
57,5,0.556,5,197,0.909,2,13,1
498,0,0.292,0,133,0.256,2,0,0
1599,0,0.039,1,261,0.173,1,1,0
1178,0,0.057,1,68,0.307,1,1,0
1737,0,0.034,3,52,0.346,0,3,0
45,0,0.076,0,43,0.184,1,2,0
3067,0,0.024,2,164,0.421,0,1,0
53,4,0.637,3,26,0.856,2,7,1
2409,1,0.109,4,72,0.034,1,10,0
1544,0,0.004,0,222,0.073,0,0,0
1533,0,0.472,3,21,0.583,3,2,0
2545,0,0.203,1,158,0.16,0,0,0
60,1,0.639,6,74,0.772,0,11,1
2617,1,0.176,4,37,0.307,1,12,0
242,0,0.055,6,39,0.486,1,13,0
358,0,0.126,1,31,0.15,1,10,0
3238,0,0.05,0,223,0.319,1,1,0
1509,0,0.05,1,110,0.094,2,0,0
77,1,0.805,6,13,0.926,2,12,1
2658,0,0.248,1,20,0.676,0,1,0
587,0,0.445,0,24,0.866,1,1,0
2255,2,0.22,4,33,0.677,0,6,1
2495,1,0.168,3,38,0.559,0,1,0
1571,0,0.143,0,173,0.308,0,1,0
2540,0,0.021,5,39,0.365,0,12,0
1075,0,0.027,1,124,0.057,0,1,0
322,0,0.043,2,40,0.35,0,1,0
1111,0,0.256,2,67,0.164,0,1,0
3469,0,0.133,0,26,0.171,0,10,0
1746,0,0.005,0,31,0.289,1,1,0
1168,1,0.421,2,56,0.216,3,9,0
2495,0,0.436,3,64,0.029,1,12,0
1490,0,0.147,3,19,0.533,0,0,0
74,2,0.796,5,28,0.814,3,14,1
1259,0,0.526,1,27,0.978,0,1,0
3378,0,0.087,0,152,0.036,1,0,0
1775,0,0.137,1,73,0.049,1,2,0
7,4,0.7,5,125,0.678,5,10,1
2247,1,0.359,2,103,0.162,0,2,0
2856,0,0.096,0,38,0.063,0,2,0
1376,2,0.137,1,48,0.863,8,23,0
326,0,0.585,3,35,0.606,0,2,0
1426,0,0.273,0,46,0.5,0,8,1
1792,2,0.165,1,77,0.939,4,21,0
2722,0,0.25,0,81,0.061,0,1,0
1335,0,0.059,2,73,0.321,0,2,0
82,3,0.527,4,21,0.613,5,9,1
2003,0,0.234,0,20,0.597,0,10,1
87,0,0.188,0,86,0.36,0,0,0
3134,1,0.031,0,81,0.021,0,1,0
2645,0,0.138,1,71,0.018,0,0,0
2410,1,0.115,3,33,0.187,0,14,0
1631,0,0.025,0,27,0.208,0,3,0
755,0,0.043,0,59,0.062,0,2,0
52,2,0.461,8,63,0.83,5,16,1
1095,0,0.379,2,32,0.976,0,0,0
1155,0,0.103,1,55,0.287,0,0,0
2863,0,0.139,0,189,0.079,0,2,0
2004,2,0.025,2,80,0.7,3,21,0
1254,0,0.14,0,93,0.058,0,1,0
1973,1,0.131,2,78,0.873,2,12,0
29,2,0.933,4,25,0.83,4,15,1
2356,0,0.173,2,95,0.192,0,0,0
3224,0,0.094,4,78,0.164,2,10,0
85,1,0.718,3,16,0.898,1,14,1
60,4,0.724,4,29,0.668,3,17,1
916,0,0.096,1,191,0.129,0,1,0
47,1,0.147,0,21,0.555,0,0,0
18,2,0.592,3,37,0.774,0,13,1
23,2,0.757,4,50,0.978,4,11,1
326,0,0.38,6,49,0.882,0,1,0
1270,0,0.24,4,41,0.099,0,0,0
1960,1,0.078,0,160,0.329,0,0,0
1837,0,0.304,2,68,0.077,0,0,0
581,0,0.172,1,65,0.426,0,1,0
3471,1,0.161,2,124,0.715,3,20,0
1313,0,0.152,1,248,0.213,0,2,0
2152,0,0.059,1,109,0.121,0,1,0
65,0,0.08,2,152,0.184,0,1,0
612,0,0.052,0,70,0.041,0,1,0
1691,0,0.057,1,47,0.098,0,1,0
64,2,0.467,6,26,0.919,3,16,1
553,0,0.044,0,19,0.041,0,2,0
1974,1,0.381,1,46,0.643,0,10,1
2282,1,0.112,2,70,0.015,1,11,0
2484,0,0.047,3,63,0.238,0,2,0
3008,0,0.11,2,46,0.817,0,2,0
2676,1,0.022,1,124,0.835,4,17,0
1355,0,0.041,0,119,0.09,0,1,0
444,1,0.001,2,59,0.083,0,1,0
357,0,0.103,0,52,0.167,0,1,0
2910,0,0.047,0,35,0.11,1,2,0
3465,0,0.141,1,70,0.009,0,2,0
2991,0,0.34,6,84,0.047,2,11,0
3621,0,0.162,1,62,0.295,2,8,0
2721,0,0.097,1,61,0.335,0,4,0
3401,0,0.368,0,103,0.076,0,1,0
3127,0,0.164,1,99,0.112,0,1,0
3649,0,0.135,2,47,0.227,2,13,0
1754,0,0.11,1,29,0.66,0,5,1
1312,0,0.417,2,43,0.897,0,1,0
448,0,0.086,1,312,0.126,0,0,0
3183,3,0.375,0,136,0.902,2,16,0
2293,1,0.026,2,46,0.7,4,19,0
1566,0,0.123,1,372,0.156,0,0,0
1803,1,0.307,3,76,0.034,0,11,0
88,3,0.777,3,30,0.365,1,12,1
3072,1,0.165,5,84,0.939,5,21,0
1552,0,0.193,2,19,0.45,0,1,0
370,0,0.073,1,30,0.165,0,2,0
3017,1,0.066,1,39,0.334,1,2,0
1359,0,0.067,1,66,0.018,0,0,0
2494,1,0.054,0,118,0.313,0,4,0
3114,0,0.115,0,99,0.009,1,3,0
367,0,0.035,1,52,0.155,0,1,0
201,0,0.211,2,21,0.587,0,2,0
584,0,0.021,0,189,0.098,0,0,0
311,0,0.036,0,52,0.248,1,1,0
1173,0,0.16,0,97,0.213,1,0,0
2076,0,0.227,1,74,0.038,0,1,0
3460,0,0.085,2,86,0.098,0,0,0
1502,0,0.06,0,27,0.129,0,2,0
2829,0,0.382,1,42,0.747,1,9,1
2929,0,0.126,0,80,0.016,0,0,0
741,0,0.15,6,68,0.364,0,13,0
3567,0,0.488,3,30,0.573,0,1,0
1057,0,0.201,1,67,0.314,0,1,0
1463,1,0.145,3,107,0.88,6,21,0
83,3,0.784,3,44,0.943,2,14,1
2694,0,0.072,0,33,0.304,0,3,0
3633,0,0.411,0,55,0.075,0,0,0
1168,0,0.001,0,106,0.054,0,0,0
3221,1,0.271,2,36,0.751,0,0,0
68,2,0.703,7,42,0.549,3,15,1
3429,0,0.397,1,27,0.818,1,10,1
3083,0,0.067,0,226,0.037,0,1,0
1953,0,0.059,0,74,0.141,0,1,0
2552,0,0.303,0,57,0.181,0,3,0
2818,0,0.206,2,33,0.135,1,1,0
586,0,0.04,0,111,0.127,0,2,0
2705,0,0.348,2,111,0.178,1,2,0
1028,0,0.044,0,26,0.108,0,0,0
1083,0,0.181,2,27,0.304,0,0,0
2229,0,0.376,3,17,0.766,1,0,0
3593,0,0.049,0,94,0.167,0,0,0
3264,0,0.186,0,129,0.322,0,0,0
128,0,0.228,3,18,0.92,1,2,0
932,0,0.054,1,158,0.069,0,1,0
66,1,0.866,2,21,0.847,0,14,1
1547,0,0.055,0,137,0.122,0,1,0
2127,1,0.03,1,35,0.27,2,2,0
1426,0,0.306,0,35,0.5,0,5,1
971,0,0.039,2,48,0.005,0,8,0
1199,1,0.208,0,176,0.105,0,0,0
1073,0,0.057,1,19,0.15,1,1,0
147,0,0.147,2,34,0.183,0,1,0
232,0,0.012,0,56,0.334,0,1,0
660,0,0.214,0,195,0.078,0,2,0
2391,0,0.079,2,19,0.655,1,0,0
3418,0,0.051,3,119,0.185,0,1,0
3359,0,0.287,4,15,0.917,0,1,0
2661,0,0.131,2,228,0.044,0,1,0
45,2,0.672,4,23,0.743,0,20,1
1691,0,0.061,1,32,0.134,0,2,0
3072,0,0.225,0,32,0.218,0,2,0
29,1,0.729,3,45,0.819,3,10,1
57,4,0.719,6,25,0.803,2,17,1
3347,0,0.324,0,66,0.207,0,2,0
2869,0,0.075,5,23,0.68,1,1,0
335,0,0.166,0,36,0.531,0,0,0
1452,4,0.222,1,89,0.804,4,21,0
84,4,0.525,6,214,0.816,0,13,1
1260,0,0.307,3,48,0.795,0,1,0
818,0,0.252,5,19,0.316,2,8,0
983,0,0.112,1,74,0.303,0,1,0
54,4,0.448,8,78,0.997,3,11,1
3337,0,0.267,2,8,0.958,1,1,0
1177,0,0.088,1,86,0.274,1,3,0
2231,0,0.344,2,18,0.72,1,0,0
2261,0,0.252,0,130,0.091,0,1,0
64,5,0.615,4,155,0.591,2,7,1
2848,1,0.214,1,51,0.5,0,12,1
3635,1,0.127,3,35,0.35,0,0,0
3212,0,0.038,1,75,0.213,0,1,0
62,5,0.723,1,44,0.431,2,12,1
1272,1,0.232,1,158,0.869,4,16,0
1752,0,0.054,0,47,0.32,0,0,0
1122,1,0.102,0,90,0.293,0,1,0
914,1,0.101,1,57,0.91,3,21,0
748,1,0.034,0,45,0.85,0,8,1
1589,0,0.106,2,31,0.273,0,11,0
58,2,0.823,6,58,0.94,3,13,1
3587,0,0.056,0,49,0.04,2,3,0
2454,0,0.034,1,40,0.117,0,2,0
3418,0,0.006,1,66,0.379,0,1,0
627,0,0.066,0,33,0.128,1,1,0
2504,0,0.199,0,289,0.072,1,1,0
2799,0,0.114,3,27,0.045,0,7,0
2727,0,0.107,4,33,0.08,1,10,0
89,3,0.906,7,16,0.824,3,19,1
1400,0,0.147,4,20,0.846,0,0,0
517,0,0.311,1,140,0.046,1,1,0
18,2,0.659,8,48,0.807,4,14,1
1645,0,0.306,1,84,0.23,0,0,0
2941,0,0.03,2,134,0.06,1,1,0
15,3,0.726,4,40,0.813,2,8,1
2324,0,0.103,0,130,0.123,0,2,0
2875,0,0.041,0,60,0.133,1,0,0
1285,0,0.174,0,75,0.045,0,3,0
711,0,0.01,4,171,0.133,1,2,0
984,0,0.029,0,16,0.165,1,17,0
165,0,0.149,1,94,0.302,1,2,0
28,2,0.848,7,132,0.954,1,9,1
1244,1,0.217,6,22,0.891,0,0,0
2937,0,0.141,0,78,0.126,0,0,0
3024,0,0.01,2,21,0.295,0,1,0
2833,0,0.212,0,45,0.33,1,0,0
1015,0,0.075,0,53,0.235,0,3,0
2856,0,0.315,0,34,0.85,1,12,1
2667,1,0.157,4,35,0.183,0,10,0
743,0,0.285,3,38,0.778,2,2,0
1679,0,0.078,1,75,0.075,0,0,0
3338,0,0.149,3,20,0.73,1,2,0
2047,0,0.208,5,46,0.273,1,12,0
2854,0,0.032,2,47,0.042,0,1,0
2389,0,0.035,0,126,0.077,0,0,0
2017,1,0.15,3,101,0.034,0,2,0
1267,0,0.208,1,55,0.276,1,13,0
2799,0,0.071,1,20,0.137,0,1,0
1044,0,0.237,3,30,0.745,1,3,0
64,2,0.804,2,46,0.648,2,13,1
2223,0,0.05,0,49,0.363,0,0,0
622,0,0.022,1,63,0.074,1,0,0
32,2,0.763,4,56,0.755,5,13,1
2386,0,0.033,1,115,0.157,0,2,0
223,1,0.04,3,52,0.488,0,1,0
2227,0,0.63,2,56,0.779,1,6,1
3388,0,0.193,0,56,0.158,1,1,0
727,0,0.003,1,143,0.478,0,2,0
1308,0,0.103,1,73,0.5,0,8,1
2696,0,0.184,0,25,0.31,2,15,0
1605,0,0.114,0,17,0.04,0,3,0
61,2,0.521,2,84,0.458,1,15,1
164,0,0.219,0,273,0.314,0,0,0
34,3,0.727,0,45,0.724,3,12,1
2327,0,0.274,0,120,0.151,1,3,0
1299,3,0.349,5,148,0.805,6,18,0
2902,0,0.077,1,123,0.263,1,1,0
1858,0,0.068,0,75,0.137,0,0,0
2099,0,0.04,1,95,0.111,1,0,0
2570,0,0.292,5,37,0.717,0,0,0
1072,0,0.031,1,37,0.217,3,0,0
3346,0,0.183,1,28,0.83,0,7,1
3008,0,0.078,1,42,0.304,0,1,0
2498,1,0.057,0,138,0.99,4,15,0
306,1,0.454,4,34,0.461,1,0,0
951,0,0.145,0,51,0.261,1,6,0
74,2,0.708,2,71,0.696,0,12,1
66,4,0.66,3,68,0.748,5,14,1
1859,0,0.048,5,24,0.753,0,1,0
61,1,0.8,6,27,0.547,2,16,1
145,1,0.029,0,55,0.053,0,1,0
3239,0,0.249,4,48,0.093,3,13,0
1801,1,0.423,0,141,0.197,0,0,0
35,2,0.482,3,70,0.903,1,12,1
1591,0,0.218,0,41,0.08,1,0,0
2697,0,0.088,1,55,0.347,1,0,0
2703,0,0.234,0,29,0.871,0,0,0
1120,0,0.171,1,60,0.08,0,0,0
55,0,0.032,0,27,0.423,1,1,0
2169,0,0.081,0,154,0.189,0,1,0
2554,0,0.036,0,48,0.363,0,0,0
1353,1,0.188,1,45,0.762,1,7,1
2524,0,0.065,0,52,0.181,3,0,0
2742,0,0.306,1,92,0.17,0,0,0
591,0,0.235,1,66,0.151,1,2,0
2311,0,0.031,1,84,0.247,0,2,0
568,0,0.421,4,30,0.83,1,1,0
1896,1,0.136,2,73,0.171,0,1,0
30,1,0.509,4,47,0.887,0,7,1
52,2,0.823,4,24,0.851,5,15,1
550,0,0.151,0,29,0.151,2,0,0
3044,0,0.117,0,75,0.055,0,0,0
1720,0,0.014,0,56,0.288,0,2,0
18,4,0.84,4,79,0.452,3,13,1
1543,0,0.136,1,54,0.027,0,2,0
3135,3,0.062,2,109,0.974,3,17,0
1744,0,0.121,2,14,0.201,1,1,0
2002,0,0.109,2,32,0.131,1,0,0
2346,0,0.255,11,40,0.766,1,1,0
48,2,0.405,5,66,0.67,2,11,1
1860,0,0.074,0,59,0.106,1,0,0
2643,0,0.41,5,12,0.775,1,0,0
3089,0,0.191,1,31,0.599,1,1,0
29,1,0.538,6,43,0.833,3,9,1
685,0,0.233,2,23,0.876,1,0,0
1224,0,0.182,2,91,0.117,1,1,0
496,0,0.031,3,22,0.335,0,16,0
3398,0,0.12,3,27,0.863,0,0,0
1357,0,0.087,0,202,0.26,0,0,0
2270,1,0.131,0,83,0.859,2,17,0
604,0,0.147,4,63,0.807,2,0,0
15,3,0.711,4,84,0.844,1,11,1
319,0,0.017,2,100,0.161,0,0,0
2038,0,0.09,2,22,0.63,0,1,0
110,1,0.105,1,58,0.132,0,0,0
8,2,0.727,5,55,0.67,0,19,1
847,1,0.389,1,54,0.176,1,9,0
1,3,0.9,8,25,0.965,0,8,1
1818,0,0.025,1,20,0.186,0,1,0
3635,0,0.582,1,20,0.024,0,13,0
381,0,0.223,0,24,0.117,0,1,0
57,5,0.746,3,64,0.875,4,15,1
656,0,0.073,5,125,0.082,1,0,0
1908,0,0.221,1,36,0.028,0,0,0
1794,1,0.071,1,64,0.156,0,1,0
1222,0,0.158,2,62,0.712,0,2,0
2629,0,0.322,4,32,0.146,0,10,0
2432,0,0.063,3,28,0.04,1,9,0
1166,0,0.154,2,54,0.071,0,1,0
2010,1,0.222,1,27,0.056,0,12,0
2562,0,0.111,0,60,0.246,0,2,0
2331,0,0.124,8,33,0.531,0,1,0
528,0,0.064,5,41,0.246,1,17,0
1361,1,0.38,1,19,0.785,0,9,1
944,0,0.332,7,20,0.797,0,0,0
2373,0,0.325,2,58,0.539,1,0,0
902,0,0.013,0,32,0.255,1,1,0
1597,0,0.092,0,179,0.184,1,1,0
3407,0,0.07,0,29,0.362,1,1,0
2614,0,0.23,2,74,0.503,0,9,1
14,2,0.732,7,67,0.523,2,16,1
2616,0,0.258,1,17,0.768,1,1,0
3381,2,0.193,0,38,0.305,0,10,0
3506,0,0.324,1,43,0.046,0,0,0
936,0,0.038,0,76,0.105,0,1,0
449,0,0.06,1,126,0.108,1,10,0
2043,1,0.343,1,76,0.206,1,0,0
2578,0,0.154,0,51,0.146,0,1,0
2595,1,0.439,2,42,0.847,0,1,0
3219,0,0.323,0,101,0.231,0,1,0
1842,0,0.292,3,26,0.837,0,4,0
3160,0,0.357,0,24,0.937,0,0,0
634,0,0.078,0,87,0.035,0,0,0
3119,0,0.43,1,30,0.711,0,7,1
56,3,0.228,3,67,0.915,2,11,1
2265,0,0.014,5,72,0.133,1,12,0
888,0,0.034,4,94,0.101,1,11,0
1602,0,0.182,0,56,0.033,0,0,0
31,5,0.749,6,36,0.764,3,12,1
367,1,0.171,4,17,0.838,0,1,0
1681,1,0.173,0,21,0.05,0,6,0
76,3,0.544,6,46,0.749,1,10,1
2991,0,0.079,3,25,0.657,2,11,0
3023,0,0.162,1,49,0.623,2,7,1
1736,1,0.16,2,113,0.846,6,17,0
2702,0,0.307,0,228,0.132,1,0,0
71,2,0.736,7,33,0.894,2,14,1
2362,0,0.319,4,35,0.71,0,4,0
2790,0,0.132,0,125,0.85,1,9,1
817,0,0.045,0,21,0.5,0,9,1
53,1,0.667,4,64,0.793,2,11,1
3509,0,0.319,6,37,0.53,1,2,0
3314,0,0.186,2,27,0.859,0,2,0
3244,1,0.097,1,69,0.207,2,13,0
2421,0,0.008,0,72,0.471,0,1,0
2931,0,0.009,0,67,0.081,2,2,0
932,0,0.122,3,72,0.329,1,11,0
53,1,0.519,8,55,0.723,3,14,1
3221,0,0.125,1,187,0.186,1,1,0
1255,0,0.065,1,73,0.081,0,0,0
1791,0,0.088,1,26,0.037,1,1,0
1438,0,0.297,2,33,0.264,0,9,0
2399,0,0.021,2,133,0.349,0,1,0
2037,0,0.069,1,325,0.4,1,0,0
1612,0,0.051,1,94,0.136,0,0,0
3576,0,0.286,0,51,0.231,0,0,0
1121,0,0.116,1,72,0.25,0,0,0
45,2,0.71,2,37,0.76,0,10,1
3024,1,0.305,1,53,0.777,0,10,1
19,3,0.239,3,31,0.859,4,9,1
1870,0,0.123,0,165,0.19,0,0,0
447,0,0.166,1,37,0.804,0,2,0
2831,1,0.03,2,63,0.236,0,3,0
1764,2,0.024,2,113,0.944,3,18,0
460,0,0.091,0,47,0.266,0,2,0
3401,1,0.078,1,258,0.173,0,1,0
2654,1,0.341,4,108,0.101,0,11,0
1797,0,0.085,1,83,0.113,0,1,0
89,1,0.378,3,57,0.834,2,9,1
2051,0,0.028,1,63,0.132,0,1,0
3377,0,0.119,0,210,0.069,0,2,0
762,0,0.021,1,201,0.164,0,2,0
2765,0,0.307,0,38,0.309,1,10,0
1544,0,0.253,0,64,0.115,0,1,0
2436,1,0.288,3,28,0.828,1,11,1
33,1,0.332,2,69,0.757,3,13,1
3219,1,0.081,1,143,0.961,4,18,0
3612,1,0.0,0,59,0.006,1,1,0
3618,0,0.027,2,22,0.135,0,2,0
2862,1,0.251,1,21,0.087,0,11,0
2043,0,0.25,5,18,0.87,0,0,0
2010,0,0.019,1,33,0.111,0,0,0
2432,1,0.025,1,83,0.985,4,19,0
694,0,0.192,0,24,0.383,1,2,0
56,2,0.562,3,35,0.703,3,13,1
3414,0,0.161,4,36,0.98,0,0,0
2974,0,0.111,1,241,0.077,0,3,0
2031,0,0.029,0,77,0.106,1,1,0
3627,0,0.043,3,15,0.621,0,1,0
1372,0,0.045,0,23,0.173,0,0,0
3527,0,0.124,2,34,0.221,0,2,0
2085,0,0.234,2,23,0.643,0,3,0
656,0,0.04,2,130,0.167,0,0,0
3463,1,0.18,5,82,0.71,1,10,1
2183,0,0.142,3,32,0.545,3,11,0
1765,0,0.13,3,75,0.473,0,3,0
2928,0,0.203,0,58,0.163,0,2,0
87,3,0.746,2,29,0.843,0,16,1
21,2,0.79,7,54,0.706,2,15,1
2675,0,0.073,0,70,0.192,0,0,0
3006,0,0.173,4,26,0.608,0,1,0
2434,0,0.096,2,80,0.164,0,2,0
2764,0,0.019,1,48,0.137,0,0,0
565,0,0.094,0,46,0.165,0,0,0
3470,0,0.45,5,35,0.54,0,0,0
13,3,0.555,3,102,0.849,1,13,1
2318,1,0.131,1,130,0.647,0,0,0
2599,0,0.165,0,113,0.186,0,2,0
269,0,0.115,3,14,0.663,0,1,0
78,3,0.733,3,50,0.698,3,19,1
494,0,0.13,0,140,0.063,0,0,0
29,3,0.781,9,17,0.798,0,17,1
68,2,0.754,1,46,0.966,1,13,1
75,3,0.686,7,55,0.735,2,20,1
1097,0,0.142,1,19,0.762,3,8,1
1701,0,0.068,0,57,0.013,0,1,0
2133,0,0.048,0,101,0.21,0,1,0
211,0,0.056,1,33,0.035,1,0,0
3230,1,0.159,1,41,0.437,0,2,0
2107,0,0.489,1,39,0.421,0,17,0
493,1,0.061,1,107,0.136,0,1,0
2280,0,0.373,6,65,0.332,0,11,0
1190,0,0.218,0,26,0.586,1,0,0
59,2,0.452,6,214,0.796,3,16,1
2431,1,0.299,1,33,0.601,3,8,1
690,0,0.077,5,37,0.096,1,18,0
2014,0,0.223,2,63,0.201,1,0,0
2879,0,0.347,1,39,0.548,1,11,1
3435,1,0.048,1,121,0.04,0,2,0
3322,0,0.115,0,77,0.091,0,1,0
1346,0,0.06,1,81,0.221,0,1,0
2122,0,0.287,1,115,0.441,1,1,0
15,2,0.783,4,27,0.689,2,13,1
1992,0,0.186,0,81,0.044,1,1,0
85,1,0.51,4,21,0.547,2,11,1
363,0,0.208,1,37,0.065,2,16,0
2383,0,0.057,0,52,0.055,0,2,0
600,0,0.067,1,117,0.24,0,1,0
2159,0,0.01,1,66,0.182,1,0,0
2302,0,0.049,1,140,0.198,0,2,0
71,2,0.558,4,22,0.911,2,16,1
453,0,0.16,0,54,0.334,1,0,0
1960,0,0.005,1,35,0.147,1,14,0
55,4,0.269,3,11,0.778,2,13,1
3604,0,0.161,3,23,0.662,1,1,0
1498,1,0.269,0,211,0.913,4,22,0
4,4,0.658,8,26,0.606,2,13,1
555,0,0.273,1,65,0.034,1,0,0
13,3,0.938,3,60,0.894,1,14,1
31,2,0.773,7,77,0.765,1,15,1
46,1,0.749,5,152,0.918,1,19,1
34,3,0.946,4,53,0.776,3,16,1
2971,0,0.232,3,20,0.865,1,1,0
3362,0,0.243,2,19,0.782,3,0,0
1562,1,0.406,0,48,0.887,7,24,0
55,4,0.458,4,140,0.758,5,9,1
3113,0,0.028,0,22,0.835,0,2,0
1998,0,0.033,3,39,0.068,2,9,0
2336,0,0.123,3,18,0.905,1,1,0
2515,0,0.126,2,87,0.238,1,9,0
2333,2,0.158,1,43,0.022,0,0,0
71,3,0.553,8,33,0.615,0,15,1
2654,0,0.353,4,43,0.144,0,14,0
1339,0,0.116,0,52,0.063,0,1,0
3343,0,0.008,3,264,0.102,0,1,0
2132,0,0.1,1,39,0.103,0,0,0
762,0,0.038,1,57,0.16,0,1,0
3269,0,0.189,3,17,0.816,0,2,0
2102,1,0.171,1,41,0.044,0,2,0
2058,1,0.375,2,54,0.264,3,10,0
2483,0,0.134,0,23,0.178,1,0,0
3042,0,0.072,1,36,0.021,1,1,0
47,2,0.858,8,20,0.787,3,17,1
1728,1,0.064,1,70,0.128,0,1,0
18,3,0.851,4,91,0.671,0,9,1
65,3,0.894,6,78,0.799,3,8,1
919,0,0.165,6,17,0.45,0,0,0
2333,1,0.04,1,29,0.106,1,0,0
34,3,0.785,4,45,0.726,2,10,1
3642,1,0.121,1,104,0.219,0,4,0
2584,1,0.098,2,105,0.744,2,17,0
3515,0,0.484,2,170,0.702,0,7,1
12,3,0.54,3,44,0.758,2,10,1
2917,0,0.128,1,50,0.188,0,11,0
3538,1,0.091,1,35,0.055,0,1,0
181,0,0.15,1,25,0.891,0,0,0
2321,0,0.137,2,66,0.114,1,1,0
475,0,0.029,3,38,0.739,0,1,0
3345,1,0.096,0,65,0.742,5,18,0
56,0,0.407,0,101,0.061,0,0,0
2472,0,0.438,7,20,0.85,0,8,1
3260,2,0.046,2,125,0.817,5,18,0
45,4,0.672,3,88,0.831,3,12,1
1648,0,0.412,1,149,0.113,1,0,0
845,0,0.031,2,41,0.179,0,14,0
894,0,0.146,0,170,0.137,1,0,0
751,0,0.147,5,49,0.27,1,13,0
49,2,0.739,6,91,0.822,4,17,1
81,2,0.275,5,104,0.927,6,10,1
1689,0,0.028,1,83,0.041,0,1,0
54,3,0.602,2,26,0.836,4,16,1
3246,0,0.294,1,48,0.235,0,9,0
1322,1,0.098,0,140,0.986,2,22,0
73,3,0.747,6,56,0.549,1,13,1
2590,2,0.406,1,34,0.85,0,8,1
24,4,0.7,4,67,0.815,1,11,1
2244,0,0.063,2,28,0.588,1,2,0
9,3,0.824,5,58,0.602,1,14,1
2513,1,0.096,0,81,0.559,0,1,0
2187,0,0.214,1,91,0.202,0,2,0
1383,2,0.243,1,68,0.862,8,21,0
58,3,0.539,1,12,0.82,1,17,1
594,0,0.014,2,100,0.089,0,1,0
2901,0,0.316,0,30,0.844,3,11,1
1654,0,0.037,1,49,0.411,0,0,0
536,0,0.17,0,172,0.38,0,1,0
564,0,0.359,0,55,0.062,0,2,0
1641,0,0.317,0,138,0.184,0,0,0
106,0,0.069,0,149,0.254,0,1,0
3081,0,0.109,1,140,0.128,0,3,0
28,3,0.752,5,20,0.904,4,11,1
3096,0,0.264,1,59,0.808,0,7,1
40,1,0.633,3,75,0.782,2,13,1
1133,0,0.176,2,15,0.62,0,0,0
2148,0,0.291,2,27,0.854,1,0,0
743,2,0.194,0,41,0.043,1,2,0
2564,0,0.045,1,201,0.214,1,1,0
3096,0,0.051,0,89,0.056,0,1,0
1921,0,0.203,0,86,0.281,0,1,0
2499,1,0.079,1,30,0.85,1,7,1
1846,0,0.221,0,136,0.195,1,1,0
441,0,0.227,4,29,0.976,1,1,0
1339,0,0.212,0,52,0.815,0,8,1
1039,0,0.267,2,81,0.075,0,12,0
2088,0,0.193,1,41,0.021,0,2,0
557,0,0.101,5,21,0.891,1,1,0
734,0,0.022,0,46,0.094,0,1,0
1248,0,0.264,1,17,0.71,1,0,0
2365,0,0.146,6,49,0.109,1,18,0
2789,1,0.111,1,31,0.673,0,0,0
1045,0,0.087,0,35,0.055,0,1,0
1077,1,0.375,2,51,0.836,0,0,0
35,3,0.572,6,90,0.767,6,15,1
2966,1,0.281,4,44,0.17,0,7,0
1165,0,0.185,2,35,0.303,0,12,0
45,3,0.875,4,56,0.975,1,13,1
2120,0,0.115,0,93,0.122,0,0,0
595,0,0.094,2,37,0.322,1,2,0
10,1,0.651,1,100,0.979,2,9,1
2757,0,0.171,3,49,0.196,0,3,0
335,0,0.144,0,67,0.197,1,0,0
1130,0,0.005,1,170,0.151,1,2,0
415,0,0.076,0,45,0.119,0,1,0
2164,0,0.401,0,49,0.158,2,0,0
2417,0,0.263,4,17,0.05,0,17,0
3130,0,0.014,1,193,0.16,1,0,0
920,0,0.047,3,62,0.294,0,0,0
232,1,0.518,2,22,0.21,1,15,0
3401,0,0.294,0,46,0.179,2,0,0
84,2,0.613,3,47,0.617,4,17,1
135,0,0.49,1,27,0.669,0,3,0
460,0,0.116,2,114,0.131,0,0,0
24,2,0.822,5,76,0.578,3,11,1
2899,0,0.057,0,55,0.338,1,1,0
2671,0,0.126,1,110,0.187,0,3,0
13,2,0.937,2,88,0.644,3,15,1
3509,0,0.043,1,72,0.239,0,3,0
550,0,0.032,1,82,0.029,0,0,0
1054,0,0.533,1,52,0.118,0,11,0
3431,1,0.047,0,123,0.7,5,17,0
334,1,0.207,0,236,0.356,1,1,0
1591,0,0.146,0,116,0.579,0,1,0
846,0,0.419,2,25,0.828,0,0,0
2718,0,0.087,1,32,0.064,0,1,0
3174,0,0.114,0,107,0.345,1,1,0
120,0,0.114,0,126,0.126,0,1,0
87,0,0.043,3,22,0.564,0,0,0
37,2,0.915,4,47,0.991,2,11,1
3095,0,0.087,2,31,0.946,0,0,0
4,3,0.741,2,154,0.731,2,12,1
2775,0,0.099,1,49,0.075,0,0,0
968,1,0.562,2,48,0.788,0,12,1
1360,1,0.001,2,22,0.196,0,0,0
85,4,0.531,3,44,0.906,3,13,1
76,4,0.771,6,47,0.744,2,12,1
3075,0,0.267,5,41,0.864,2,2,0
2696,2,0.067,0,60,0.941,2,17,0
780,0,0.494,2,34,0.593,1,14,0
1729,0,0.187,0,83,0.043,0,2,0
19,2,0.799,5,105,0.941,0,18,1
59,2,0.618,7,98,0.607,3,15,1
1713,0,0.224,1,50,0.931,0,0,0
9,4,0.556,6,48,0.586,2,12,1
1002,0,0.064,0,78,0.124,2,2,0
3111,0,0.125,2,97,0.172,0,3,0
3418,0,0.104,1,39,0.187,0,0,0
1278,0,0.421,2,33,0.675,0,1,0
1673,0,0.111,0,78,0.128,1,0,0
186,0,0.038,0,77,0.113,1,0,0
1939,0,0.247,1,32,0.816,1,11,1
37,2,0.566,5,307,0.895,0,10,1
508,0,0.254,3,82,0.385,1,9,0
13,3,0.815,5,59,0.804,1,17,1
1204,1,0.051,1,196,0.96,3,23,0
885,0,0.12,2,115,0.167,1,1,0
1511,0,0.111,3,37,0.193,0,1,0
3489,0,0.012,0,70,0.283,0,0,0
2031,0,0.029,0,34,0.116,0,1,0
3044,1,0.008,1,67,0.356,1,0,0
1,3,0.554,6,42,0.549,3,18,1
965,1,0.117,1,93,0.806,2,22,0
3535,0,0.014,0,48,0.113,0,1,0
240,0,0.219,2,226,0.316,0,1,0
1267,1,0.302,0,31,0.5,2,7,1
22,4,0.857,6,28,0.699,6,8,1
2254,0,0.098,2,97,0.466,0,0,0
2038,0,0.169,0,69,0.002,0,5,0
233,0,0.229,1,52,0.487,1,14,0
3572,1,0.55,1,44,0.85,1,8,1
14,3,0.453,5,99,0.93,4,14,1
40,4,0.537,2,22,0.721,3,14,1
1975,0,0.35,3,12,0.8,0,1,0
370,0,0.373,4,20,0.774,0,2,0
2785,1,0.093,2,30,0.149,0,0,0
353,0,0.107,0,57,0.39,2,0,0
896,0,0.136,0,46,0.317,0,2,0
2309,1,0.526,1,197,0.221,0,0,0
252,0,0.179,0,20,0.074,1,10,0
2,4,0.656,3,34,0.622,2,8,1
608,0,0.089,1,111,0.42,0,9,0
73,3,0.472,2,76,0.76,1,11,1
49,2,0.558,5,85,0.579,0,11,1
3267,0,0.286,3,64,0.178,0,12,0
2947,0,0.199,8,21,0.894,1,1,0
1770,0,0.076,2,69,0.01,0,0,0
183,0,0.132,2,79,0.326,2,1,0
2255,0,0.131,2,69,0.142,0,1,0
542,0,0.171,0,29,0.281,0,1,0
2647,0,0.168,3,18,0.85,0,12,1
72,3,0.543,13,81,0.744,1,17,1
3345,0,0.151,1,34,0.138,1,1,0
1610,0,0.256,0,138,0.552,1,1,0
31,2,0.755,7,33,0.873,1,8,1
3599,0,0.157,2,44,0.236,0,11,0
2923,0,0.245,0,42,0.19,0,13,0
3054,0,0.034,0,49,0.014,1,1,0
3418,0,0.204,0,54,0.076,1,1,0
24,2,0.8,9,54,0.864,1,13,1
1924,0,0.372,1,83,0.089,1,2,0
3108,0,0.065,0,95,0.19,0,2,0
378,0,0.064,3,52,0.245,0,2,0
947,0,0.234,0,124,0.466,0,0,0
3240,0,0.231,0,15,0.778,1,0,0
2190,1,0.093,1,79,0.816,5,20,0
1214,0,0.044,2,38,0.209,0,14,0
15,1,0.621,2,117,0.877,2,8,1
2849,1,0.028,1,151,0.036,1,4,0
2157,0,0.065,0,48,0.046,0,0,0
1617,0,0.138,0,30,0.413,1,10,0
1290,0,0.053,0,58,0.534,0,14,0
2338,0,0.016,2,83,0.113,0,2,0
735,0,0.046,3,31,0.322,0,1,0
994,0,0.021,0,121,0.148,0,0,0
37,3,0.95,5,22,0.903,1,17,1
2102,0,0.052,2,39,0.302,0,1,0
69,1,0.67,2,178,0.778,4,14,1
585,1,0.148,0,161,0.163,1,0,0
1814,0,0.228,0,242,0.221,0,2,0
851,0,0.03,0,96,0.292,0,2,0
4,3,0.696,9,77,0.895,3,12,1
1952,2,0.348,4,58,0.813,0,9,1
3305,0,0.298,5,35,0.811,1,2,0
2689,1,0.04,0,85,0.181,1,0,0
27,1,0.657,4,89,0.877,2,13,1
1065,0,0.287,1,19,0.85,1,6,1
465,0,0.134,0,60,0.376,0,3,0
3351,0,0.017,0,68,0.109,0,1,0
2039,1,0.043,5,160,0.172,0,1,0
2648,0,0.075,1,303,0.219,0,3,0
3334,0,0.36,4,38,0.24,2,12,0
982,1,0.037,2,39,0.199,0,14,0
2774,0,0.206,1,52,0.038,1,0,0
2490,0,0.014,2,71,0.5,0,9,1
1045,0,0.388,2,59,0.191,0,0,0
1881,0,0.137,2,51,0.235,2,11,0
33,3,0.828,7,48,0.568,2,12,1
1858,0,0.133,2,49,0.078,1,0,0
2664,0,0.123,1,41,0.117,0,4,0
29,3,0.871,6,36,0.985,2,12,1
1356,0,0.015,1,97,0.249,0,1,0
872,0,0.11,2,51,0.363,1,1,0
2665,1,0.189,3,92,0.913,6,22,0
753,1,0.061,0,38,0.245,1,1,0
69,4,0.825,7,80,0.636,0,13,1
992,0,0.125,2,32,0.12,0,2,0
1349,0,0.152,3,36,0.731,0,0,0
2812,0,0.043,0,59,0.392,0,2,0
2775,1,0.167,0,93,0.964,6,23,0
95,0,0.265,2,33,0.818,0,0,0
3160,0,0.127,4,23,0.895,0,1,0
515,0,0.222,4,27,0.622,1,0,0
187,0,0.104,3,9,0.768,0,1,0
1825,2,0.136,1,129,0.784,2,19,0
1350,0,0.011,3,28,0.248,2,7,0
3361,0,0.18,0,130,0.404,2,0,0
9,4,0.613,4,83,0.758,3,12,1
1051,0,0.492,2,126,0.137,0,1,0
3070,2,0.062,2,40,0.146,1,10,0
2957,0,0.293,1,29,0.256,0,2,0
3277,0,0.06,1,23,0.072,1,1,0
2619,1,0.128,3,88,0.061,0,1,0
56,4,0.531,5,45,0.896,2,9,1
3266,1,0.122,3,24,0.843,3,2,0
60,4,0.862,2,49,0.8,2,14,1
2355,0,0.176,1,25,0.202,0,2,0
79,3,0.49,2,16,0.831,2,12,1
647,0,0.015,0,55,0.123,0,0,0
2054,0,0.007,1,36,0.17,0,1,0
1420,0,0.236,2,12,0.76,0,1,0
47,1,0.538,6,14,0.508,2,16,1
275,0,0.037,0,152,0.034,0,1,0
3577,0,0.152,1,55,0.031,0,4,0
3104,0,0.373,0,26,0.68,1,2,0
2929,0,0.048,1,134,0.073,1,2,0
11,2,0.832,5,68,0.955,4,10,1
2207,0,0.197,0,93,0.033,0,1,0
537,0,0.004,2,59,0.287,0,1,0
1989,0,0.029,0,44,0.051,0,1,0
1643,0,0.029,1,123,0.274,1,2,0
112,0,0.156,1,105,0.19,1,0,0
398,0,0.046,0,139,0.231,1,0,0
3473,0,0.222,1,72,0.095,1,2,0
2351,2,0.287,2,223,0.842,5,22,0
1073,0,0.042,0,94,0.336,0,1,0
2487,1,0.273,1,70,0.808,0,10,1
58,2,0.686,5,93,0.759,1,14,1
3091,1,0.157,1,235,0.204,1,1,0
3,1,0.672,6,55,0.887,3,14,1
55,2,0.548,5,50,0.866,2,18,1
1566,1,0.073,2,34,0.074,0,11,0
2899,0,0.44,0,41,0.216,1,0,0
316,0,0.188,0,32,0.149,1,2,0
3464,0,0.177,0,108,0.075,0,2,0
2822,1,0.285,1,47,0.888,4,18,0
2009,0,0.251,0,92,0.195,0,1,0
66,5,0.709,5,39,0.962,5,13,1
347,0,0.026,1,105,0.471,0,1,0
4,3,0.729,13,41,0.614,4,14,1
3087,0,0.066,0,54,0.372,0,2,0
1705,0,0.071,0,94,0.207,0,1,0
3634,0,0.092,1,33,0.077,0,1,0
1377,1,0.279,1,108,0.39,0,1,0
3458,0,0.268,5,19,0.687,0,2,0
3456,2,0.162,1,75,0.91,2,16,0
3478,0,0.009,1,199,0.036,0,1,0
2625,1,0.047,1,55,0.259,1,1,0
664,0,0.056,2,240,0.179,1,2,0
1001,0,0.113,4,50,0.432,1,11,0
23,5,0.896,7,112,0.558,2,7,1
1317,0,0.297,4,42,0.274,0,9,0
2361,0,0.039,6,75,0.221,0,12,0
2755,0,0.172,5,17,0.592,0,0,0
261,0,0.265,0,102,0.158,0,0,0
1910,0,0.183,2,12,0.522,0,0,0
3614,1,0.238,1,71,0.8,5,18,0
3546,0,0.234,1,256,0.127,1,4,0
1689,0,0.258,1,34,0.469,0,2,0
2870,3,0.208,1,106,0.828,4,20,0
3383,0,0.227,0,56,0.742,0,0,0
3021,0,0.104,1,168,0.151,1,3,0
901,0,0.043,3,201,0.26,0,1,0
1087,0,0.145,0,133,0.183,0,1,0
1432,0,0.042,1,47,0.048,0,3,0
3025,0,0.33,0,29,0.626,0,9,1
10,3,0.464,8,81,0.887,3,13,1
3257,2,0.156,1,108,0.809,3,22,0
956,0,0.118,2,101,0.47,0,1,0
2825,0,0.107,0,146,0.367,1,0,0
21,1,0.855,2,45,0.984,4,12,1
997,0,0.209,2,28,0.403,1,12,0
221,1,0.113,1,124,0.038,0,0,0
83,3,0.68,4,39,0.945,2,12,1
760,0,0.115,0,28,0.174,0,4,0
1021,1,0.05,4,67,0.356,2,11,0
14,2,0.828,2,72,0.511,2,11,1
3125,1,0.186,2,76,0.293,0,2,0
188,0,0.128,0,220,0.44,0,1,0
2997,1,0.002,1,59,0.04,0,2,0
1218,0,0.145,0,24,0.072,0,1,0
391,0,0.193,4,24,0.887,0,3,0
783,1,0.009,0,36,0.356,0,1,0
1189,0,0.096,0,125,0.27,0,0,0
547,0,0.127,0,91,0.176,1,1,0
1433,0,0.03,1,15,0.213,0,0,0
2956,0,0.085,0,53,0.092,1,0,0
1101,0,0.604,4,23,0.848,0,1,0
922,1,0.207,6,40,0.71,4,17,0
2594,1,0.09,2,20,0.515,0,10,1
2891,2,0.271,0,40,0.802,5,16,0
2870,0,0.07,0,37,0.377,0,1,0
458,0,0.254,4,74,0.892,0,1,0
52,3,0.477,7,64,0.608,3,16,1
3257,1,0.207,1,102,0.935,4,21,0
31,3,0.756,6,22,0.856,0,12,1
2923,0,0.03,1,56,0.07,0,0,0
16,3,0.443,3,57,0.883,2,15,1
3281,0,0.14,1,112,0.1,0,1,0
1491,0,0.026,3,36,0.919,0,0,0
3501,0,0.115,2,150,0.248,0,1,0
79,1,0.629,6,59,0.643,2,12,1
1975,0,0.096,6,38,0.846,1,1,0
241,0,0.2,1,24,0.128,0,0,0
62,3,0.319,3,54,0.817,4,9,1
3081,0,0.12,4,36,0.135,1,11,0
7,3,0.577,5,72,0.578,3,15,1
721,0,0.327,2,47,0.903,0,0,0
24,1,0.446,6,24,0.652,1,15,1
1610,1,0.13,1,39,0.005,0,1,0
2749,1,0.059,2,37,0.86,0,2,0
3364,0,0.161,1,39,0.432,1,3,0
575,0,0.109,0,56,0.041,0,0,0
2696,0,0.08,0,175,0.184,0,0,0
3571,1,0.302,1,127,0.967,3,22,0
2544,0,0.156,2,134,0.314,0,14,0
3553,1,0.163,2,20,0.908,0,0,0
1600,0,0.161,2,72,0.068,1,0,0
2318,0,0.116,3,21,0.85,1,8,1
3063,0,0.043,2,52,0.162,0,2,0
160,0,0.001,1,209,0.117,0,1,0
1123,0,0.111,3,44,0.149,0,11,0
2504,0,0.272,2,48,0.485,0,9,0
2583,0,0.065,1,67,0.035,2,0,0
2440,0,0.128,2,39,0.22,0,1,0
1747,3,0.069,1,110,0.966,5,17,0
2759,0,0.015,1,43,0.847,1,0,0
2456,1,0.01,0,129,0.16,0,1,0
3437,1,0.308,2,83,0.336,0,13,0
60,5,0.532,6,23,0.668,2,10,1
2433,1,0.14,0,37,0.725,2,6,1
1916,0,0.088,1,144,0.03,0,0,0
20,1,0.659,4,30,0.422,1,9,1
3104,0,0.041,2,51,0.122,1,1,0
2976,0,0.107,1,111,0.158,1,1,0
51,3,0.506,6,68,0.793,1,13,1
77,1,0.834,2,45,0.687,0,15,1
2953,1,0.366,2,60,0.557,0,0,0
1461,1,0.148,0,73,0.85,0,8,1
88,4,0.388,2,122,0.436,2,15,1
1209,1,0.045,0,54,0.218,0,0,0
1820,0,0.325,3,74,0.261,1,13,0
3101,0,0.062,0,91,0.1,0,2,0
2326,0,0.279,1,120,0.138,0,0,0
2579,0,0.09,3,38,0.85,0,8,1
1914,0,0.04,0,24,0.524,2,0,0
118,0,0.25,3,37,0.581,0,0,0
1523,0,0.104,2,38,0.015,0,1,0
1545,1,0.13,1,46,0.089,1,2,0
9,5,0.635,9,42,0.763,1,14,1
3170,1,0.108,2,28,0.047,0,2,0
306,0,0.09,1,56,0.052,0,1,0
12,1,0.759,6,82,0.988,2,13,1
217,0,0.171,0,81,0.068,1,1,0
221,0,0.297,1,23,0.236,1,10,0
1967,0,0.16,8,77,0.502,1,12,0
3137,0,0.12,0,108,0.179,0,0,0
2306,0,0.261,0,52,0.148,0,1,0
359,0,0.278,0,36,0.114,0,0,0
566,0,0.193,5,16,0.823,1,1,0
1295,3,0.134,1,125,0.871,6,16,0
1325,0,0.285,0,179,0.086,1,0,0
1351,0,0.062,2,133,0.176,0,0,0
2977,0,0.18,4,21,0.213,1,12,0
2886,0,0.235,1,64,0.222,1,0,0
290,0,0.206,0,13,0.242,0,2,0
68,1,0.474,7,24,0.904,4,18,1
82,5,0.359,6,24,0.653,0,11,1
2250,1,0.056,0,98,0.793,6,15,0
463,0,0.087,2,159,0.173,1,2,0
8,4,0.903,6,49,0.786,2,12,1
1627,0,0.162,0,88,0.287,1,1,0
3155,1,0.167,0,31,0.135,1,0,0
1292,1,0.038,3,39,0.273,3,10,0
535,0,0.235,1,61,0.186,0,0,0
1119,0,0.43,0,46,0.826,1,6,1
2883,0,0.423,1,48,0.788,1,6,1
641,0,0.214,4,23,0.793,0,0,0
2536,2,0.169,1,103,0.85,0,7,1
2223,0,0.219,1,79,0.228,1,16,0
73,0,0.097,2,37,0.144,0,2,0
2869,2,0.061,1,35,0.85,0,8,1
84,3,0.752,4,49,0.668,3,16,1
3028,0,0.035,1,123,0.27,0,0,0
2914,0,0.061,0,83,0.122,0,2,0
11,2,0.731,5,80,0.962,3,15,1
64,2,0.771,5,308,0.918,2,14,1
1842,0,0.001,0,43,0.056,2,1,0
34,5,0.81,2,20,0.925,1,12,1
1373,1,0.405,1,53,0.065,0,0,0
23,3,0.761,4,61,0.816,5,10,1
227,0,0.073,0,367,0.2,0,2,0
3534,0,0.128,1,28,0.693,0,9,1
3412,0,0.146,1,31,0.039,0,2,0
89,3,0.288,4,37,0.91,1,16,1
876,0,0.288,2,18,0.883,0,2,0
2375,0,0.18,3,58,0.318,0,3,0
1424,0,0.112,0,32,0.219,0,3,0
2459,0,0.009,0,106,0.354,1,1,0
3369,0,0.014,1,166,0.416,0,1,0
2543,0,0.113,0,66,0.288,0,0,0
3304,2,0.125,0,158,0.836,2,16,0
53,0,0.129,2,66,0.462,0,2,0
912,0,0.141,1,90,0.164,0,0,0
2041,0,0.117,2,217,0.093,2,1,0
281,0,0.26,4,40,0.119,2,11,0
3362,0,0.004,0,79,0.17,1,0,0
425,0,0.097,0,36,0.214,1,0,0
3352,0,0.242,1,30,0.604,0,2,0
60,4,0.508,4,41,0.736,2,12,1
364,0,0.181,2,12,0.946,0,4,0
2286,0,0.078,1,107,0.032,1,0,0
613,0,0.262,1,77,0.481,0,0,0
1077,1,0.106,2,96,0.78,5,19,0
40,4,0.53,1,12,0.848,4,15,1
3083,0,0.2,0,88,0.123,0,1,0
1459,0,0.026,2,36,0.081,1,13,0
0,3,0.757,9,57,0.847,1,10,1
4,2,0.902,3,84,0.917,3,12,1
2155,0,0.244,0,345,0.015,0,1,0
461,0,0.079,1,83,0.059,0,2,0
3302,0,0.291,4,33,0.604,1,0,0
491,0,0.014,0,47,0.386,1,0,0
3449,2,0.149,0,88,0.886,3,17,0
2360,0,0.109,1,93,0.132,0,2,0
57,1,0.934,8,117,0.827,3,9,1
732,0,0.335,3,49,0.108,1,13,0
3195,0,0.047,0,52,0.132,0,3,0
2008,0,0.17,0,83,0.207,1,2,0
66,1,0.906,10,15,0.996,5,11,1
2550,0,0.093,0,60,0.463,0,1,0
846,0,0.042,0,27,0.103,0,0,0
1968,1,0.036,0,131,0.416,1,2,0
1482,0,0.197,6,18,0.676,1,0,0
1392,0,0.154,0,31,0.421,1,1,0
2979,1,0.179,1,40,0.883,2,20,0
1209,0,0.069,1,59,0.158,2,14,0
43,3,0.65,5,44,0.873,0,12,1
16,2,0.936,1,57,0.72,2,10,1
1851,0,0.004,0,47,0.213,0,0,0
2880,0,0.281,1,79,0.102,1,1,0
2507,0,0.204,1,68,0.088,0,1,0
52,2,0.788,2,264,0.708,3,19,1
1952,0,0.187,0,78,0.172,1,1,0
3073,0,0.041,0,98,0.486,0,1,0
231,0,0.114,0,49,0.436,0,15,0
1809,0,0.288,2,14,0.868,0,1,0
32,6,0.536,4,95,0.951,1,17,1
958,0,0.334,3,15,0.769,2,10,1
141,0,0.051,1,180,0.175,2,0,0
2805,0,0.037,1,60,0.5,0,8,1
1970,0,0.191,0,71,0.006,0,4,0
1239,2,0.281,1,97,0.079,0,2,0
791,0,0.197,3,36,0.333,1,11,0
3343,2,0.317,1,90,0.871,5,16,0
1,6,0.719,6,56,0.789,2,13,1
1342,2,0.133,1,78,0.988,3,21,0
3387,0,0.265,0,31,0.279,0,1,0
1480,2,0.189,2,123,0.815,2,17,0
2654,0,0.278,0,47,0.806,0,0,0
863,0,0.087,1,30,0.363,0,0,0
17,1,0.706,6,46,0.688,5,13,1
3294,2,0.08,1,82,0.777,3,23,0
2215,0,0.073,2,50,0.131,2,16,0
3568,0,0.096,1,22,0.97,0,1,0
1893,0,0.084,2,42,0.216,1,12,0
1302,1,0.047,2,151,0.882,3,23,0
715,0,0.129,2,43,0.111,0,1,0
2368,1,0.215,2,117,0.7,3,19,0
1841,1,0.05,2,128,0.425,0,3,0
2557,0,0.071,2,54,0.316,0,2,0
1543,0,0.223,1,107,0.038,0,0,0
3622,0,0.046,0,178,0.122,0,1,0
1020,0,0.493,5,21,0.794,1,0,0
53,3,0.706,2,12,0.78,4,11,1
112,0,0.253,2,86,0.1,1,1,0
51,3,0.354,4,74,0.889,4,15,1
2639,0,0.13,2,38,0.825,1,9,1
2943,1,0.187,0,74,0.356,1,0,0
1635,1,0.051,2,33,0.129,0,10,0
781,0,0.288,4,11,0.671,1,2,0
3265,0,0.103,7,83,0.293,1,9,0
2153,2,0.187,2,102,0.87,4,25,0
783,0,0.444,2,25,0.648,0,0,0
2247,0,0.05,1,141,0.259,0,1,0
3071,1,0.212,2,56,0.118,0,17,0
75,1,0.684,2,56,0.567,4,13,1
68,4,0.917,5,22,0.721,4,13,1
24,2,0.438,9,56,0.614,1,17,1
3044,0,0.207,0,69,0.688,1,11,1
871,0,0.205,1,45,0.064,0,1,0
2644,0,0.2,2,100,0.106,0,2,0
3106,0,0.21,2,33,0.76,0,9,1
1417,0,0.167,4,52,0.028,0,0,0
2217,0,0.137,3,70,0.137,2,3,0
1194,0,0.235,2,42,0.12,0,12,0
2981,1,0.129,3,70,0.612,0,8,1
3130,0,0.118,0,86,0.021,3,10,0
3421,0,0.066,0,39,0.102,0,0,0
1384,0,0.064,0,14,0.013,0,1,0
887,0,0.061,0,108,0.055,0,0,0
89,1,0.899,3,76,0.843,1,10,1
2643,0,0.013,0,53,0.054,0,1,0
2327,0,0.207,4,28,0.64,0,1,0
1059,0,0.193,1,19,0.746,0,1,0
63,3,0.607,5,194,0.817,3,13,1
1681,1,0.14,1,50,0.536,1,9,1
1804,0,0.048,0,66,0.077,0,1,0
21,2,0.907,7,79,0.856,2,10,1
64,2,0.839,5,72,0.88,3,16,1
1988,1,0.187,2,55,0.802,0,11,1
2488,0,0.053,1,55,0.172,1,0,0
3147,0,0.258,2,57,0.731,0,9,1
632,0,0.534,2,29,0.565,0,1,0
79,1,0.615,6,240,0.812,2,16,1
2868,0,0.037,0,94,0.041,0,0,0
46,3,0.637,3,155,0.825,2,13,1
1568,0,0.419,0,34,0.631,1,9,1
347,1,0.025,0,72,0.256,0,0,0
1824,0,0.194,1,42,0.947,0,0,0
1583,0,0.12,3,103,0.142,1,2,0
3,3,0.807,1,162,0.844,1,11,1
2190,0,0.199,4,16,0.077,0,11,0
1203,0,0.232,3,67,0.05,1,11,0
3354,0,0.03,1,138,0.275,1,1,0
1480,0,0.133,3,97,0.351,0,4,0
449,0,0.155,1,61,0.316,0,1,0
1339,0,0.273,2,67,0.603,0,7,1
2569,0,0.063,0,34,0.751,2,1,0
391,1,0.033,2,126,0.485,1,2,0
3485,1,0.029,0,116,0.958,3,22,0
1071,0,0.219,0,62,0.526,0,1,0
3334,0,0.006,5,95,0.453,2,10,0
1392,0,0.022,0,64,0.06,0,1,0
1635,0,0.085,2,56,0.555,0,0,0
1930,0,0.066,2,35,0.048,0,2,0
2905,0,0.008,1,14,0.299,0,3,0
2973,1,0.342,1,128,0.841,8,18,0
726,0,0.244,0,57,0.275,1,0,0
2226,0,0.3,3,35,0.322,1,11,0
85,1,0.83,3,174,0.892,3,14,1
493,0,0.117,0,59,0.276,1,0,0
2737,0,0.364,1,44,0.85,0,8,1
886,0,0.042,0,37,0.141,0,4,0
1728,1,0.168,0,161,0.97,5,19,0
2627,0,0.079,1,72,0.275,0,0,0
2459,1,0.375,5,28,0.797,1,0,0
1,1,0.261,5,58,0.845,5,12,1
265,1,0.27,1,65,0.071,2,2,0
918,0,0.096,3,54,0.084,0,1,0
962,0,0.306,2,46,0.191,1,0,0
1995,0,0.22,0,96,0.023,1,0,0
2110,0,0.03,0,65,0.139,0,1,0
80,2,0.442,5,45,0.68,2,15,1
1340,0,0.215,5,15,0.723,0,3,0
1119,0,0.032,1,138,0.01,0,3,0
3040,1,0.059,2,48,0.05,1,13,0
2702,0,0.049,1,42,0.143,2,2,0
3155,1,0.559,0,82,0.551,0,10,1
23,4,0.626,5,19,0.618,3,14,1
1431,0,0.256,3,48,0.207,1,13,0
2914,0,0.09,0,80,0.01,1,2,0
81,3,0.474,6,125,0.758,3,14,1
59,2,0.954,5,16,0.539,1,14,1
1984,0,0.09,0,115,0.165,0,0,0
2598,0,0.153,0,72,0.028,0,1,0
3158,0,0.239,0,103,0.202,1,3,0
1683,0,0.254,5,83,0.26,1,12,0
2159,0,0.01,0,196,0.106,1,0,0
3387,0,0.153,1,139,0.271,0,1,0
1781,3,0.267,0,153,0.872,6,21,0
208,1,0.322,1,182,0.403,1,0,0
1165,0,0.338,1,16,0.168,0,1,0
541,0,0.015,2,62,0.028,0,1,0
3039,0,0.386,2,50,0.822,0,0,0
1594,0,0.026,0,72,0.182,0,0,0
191,0,0.031,0,78,0.134,0,0,0
1913,0,0.15,0,220,0.133,0,1,0
48,3,0.858,6,51,0.368,2,9,1
1431,1,0.237,1,52,0.753,1,9,1
2707,0,0.186,0,10,0.824,1,0,0
3234,0,0.321,3,69,0.038,0,11,0
65,1,0.439,8,51,0.977,0,14,1
3138,0,0.03,2,119,0.196,0,0,0
3067,0,0.401,0,37,0.628,0,1,0
860,0,0.453,4,34,0.853,0,1,0
3,4,0.624,3,16,0.776,2,14,1
7,2,0.476,6,133,0.661,0,18,1
48,1,0.65,4,55,0.853,3,17,1
2812,1,0.066,0,101,0.377,0,1,0
0,2,0.868,3,53,0.87,2,14,1
2530,0,0.177,1,111,0.151,0,0,0
832,1,0.21,1,29,0.235,0,12,0
2133,0,0.253,1,48,0.125,0,2,0
920,0,0.512,0,270,0.248,0,1,0
1552,1,0.143,1,114,0.101,1,14,0
52,3,0.282,8,34,0.985,5,17,1
2693,0,0.092,1,61,0.234,0,0,0
3482,0,0.143,1,197,0.363,0,0,0
1174,0,0.179,2,51,0.07,0,0,0
88,2,0.901,0,32,0.567,2,12,1
3344,1,0.054,0,60,0.832,8,18,0
3256,0,0.611,2,47,0.811,2,10,1
84,3,0.288,2,20,0.903,1,11,1
37,2,0.859,2,101,0.546,2,8,1
2917,2,0.112,1,84,0.961,4,21,0
1348,0,0.163,0,47,0.802,1,9,1
6,2,0.496,5,130,0.761,5,15,1
1909,0,0.247,2,72,0.052,0,1,0
687,0,0.057,0,47,0.48,0,0,0
1835,0,0.499,1,38,0.718,1,11,1
2380,0,0.051,0,73,0.306,0,0,0
428,1,0.056,3,66,0.026,0,10,0
18,2,0.511,9,123,0.777,0,9,1
292,0,0.026,1,38,0.42,0,1,0
2957,0,0.221,4,12,0.777,1,5,0
2172,1,0.11,2,49,0.737,0,12,1
1815,0,0.006,2,189,0.091,0,1,0
741,0,0.24,1,113,0.422,0,4,0
2308,0,0.749,6,35,0.181,2,12,0
87,2,0.911,3,23,0.896,5,22,1
1995,0,0.147,1,39,0.218,0,2,0
1886,0,0.169,2,78,0.116,0,0,0
2493,0,0.166,4,45,0.062,2,11,0
2102,0,0.142,2,40,0.109,0,2,0
36,1,0.708,4,50,0.902,4,10,1
18,2,0.684,3,97,0.78,1,15,1
710,0,0.023,2,94,0.668,0,9,1
1757,0,0.13,1,65,0.159,0,1,0
1907,2,0.06,1,116,0.847,3,21,0
2339,0,0.273,6,32,0.888,0,0,0
1336,0,0.201,0,28,0.245,0,1,0
2070,0,0.028,5,39,0.973,3,1,0
1660,0,0.064,0,186,0.413,0,3,0
1103,0,0.006,0,34,0.279,0,3,0
2785,0,0.386,5,25,0.944,0,1,0
3601,0,0.055,1,29,0.175,0,1,0
2932,1,0.262,2,36,0.734,0,11,1
1746,0,0.099,1,58,0.484,0,0,0
2629,1,0.037,3,66,0.894,7,16,0
928,0,0.142,1,112,0.085,0,0,0
